--------------------------------------------------------
--  ファイルを作成しました - 水曜日-7月-20-2016
--------------------------------------------------------
--------------------------------------------------------
--  DDL for Table CHOICE
--------------------------------------------------------

  CREATE TABLE "IDETSU"."CHOICE"
   (	"CHOICEID" VARCHAR2(20 BYTE),
	"QUESTIONID" VARCHAR2(20 BYTE),
	"TEXT" VARCHAR2(1000 BYTE),
	"ISRIGHT" VARCHAR2(20 BYTE),
	"COMMENTARYTEXT" VARCHAR2(1000 BYTE)
   ) SEGMENT CREATION IMMEDIATE
  PCTFREE 10 PCTUSED 40 INITRANS 1 MAXTRANS 255 NOCOMPRESS LOGGING
  STORAGE(INITIAL 65536 NEXT 1048576 MINEXTENTS 1 MAXEXTENTS 2147483645
  PCTINCREASE 0 FREELISTS 1 FREELIST GROUPS 1 BUFFER_POOL DEFAULT FLASH_CACHE DEFAULT CELL_FLASH_CACHE DEFAULT)
  TABLESPACE "MY_DATA" ;
--------------------------------------------------------
--  DDL for Table QUESTION
--------------------------------------------------------

  CREATE TABLE "IDETSU"."QUESTION"
   (	"QUESTIONID" VARCHAR2(20 BYTE),
	"TESTID" VARCHAR2(20 BYTE),
	"THEMEID" VARCHAR2(20 BYTE),
	"QUESTIONTYPE" VARCHAR2(20 BYTE),
	"TEXT" VARCHAR2(1000 BYTE),
	"COMMENTARYTEXT" VARCHAR2(1000 BYTE)
   ) SEGMENT CREATION IMMEDIATE
  PCTFREE 10 PCTUSED 40 INITRANS 1 MAXTRANS 255 NOCOMPRESS LOGGING
  STORAGE(INITIAL 65536 NEXT 1048576 MINEXTENTS 1 MAXEXTENTS 2147483645
  PCTINCREASE 0 FREELISTS 1 FREELIST GROUPS 1 BUFFER_POOL DEFAULT FLASH_CACHE DEFAULT CELL_FLASH_CACHE DEFAULT)
  TABLESPACE "MY_DATA" ;
--------------------------------------------------------
--  DDL for Table RESULT
--------------------------------------------------------

  CREATE TABLE "IDETSU"."RESULT"
   (	"RESULTID" VARCHAR2(20 BYTE),
	"USERID" VARCHAR2(20 BYTE),
	"TESTID" VARCHAR2(20 BYTE),
	"SCORE" NUMBER,
	"ANSWERDATE" VARCHAR2(20 BYTE)
   ) SEGMENT CREATION IMMEDIATE
  PCTFREE 10 PCTUSED 40 INITRANS 1 MAXTRANS 255 NOCOMPRESS LOGGING
  STORAGE(INITIAL 65536 NEXT 1048576 MINEXTENTS 1 MAXEXTENTS 2147483645
  PCTINCREASE 0 FREELISTS 1 FREELIST GROUPS 1 BUFFER_POOL DEFAULT FLASH_CACHE DEFAULT CELL_FLASH_CACHE DEFAULT)
  TABLESPACE "MY_DATA" ;
--------------------------------------------------------
--  DDL for Table RESULTITEM
--------------------------------------------------------

  CREATE TABLE "IDETSU"."RESULTITEM"
   (	"RESULTITEMID" VARCHAR2(20 BYTE),
	"CHOICEID" VARCHAR2(20 BYTE),
	"RESULTID" VARCHAR2(20 BYTE),
	"TEXT" VARCHAR2(20 BYTE),
	"ISCORRECT" VARCHAR2(20 BYTE),
	"QUESTIONID" VARCHAR2(20 BYTE)
   ) SEGMENT CREATION IMMEDIATE
  PCTFREE 10 PCTUSED 40 INITRANS 1 MAXTRANS 255 NOCOMPRESS LOGGING
  STORAGE(INITIAL 65536 NEXT 1048576 MINEXTENTS 1 MAXEXTENTS 2147483645
  PCTINCREASE 0 FREELISTS 1 FREELIST GROUPS 1 BUFFER_POOL DEFAULT FLASH_CACHE DEFAULT CELL_FLASH_CACHE DEFAULT)
  TABLESPACE "MY_DATA" ;
--------------------------------------------------------
--  DDL for Table TEST
--------------------------------------------------------

  CREATE TABLE "IDETSU"."TEST"
   (	"TESTID" VARCHAR2(20 BYTE),
	"CREATEUSER" VARCHAR2(20 BYTE),
	"THEMEPERIODID" VARCHAR2(20 BYTE),
	"REGISTRATIONDATE" VARCHAR2(20 BYTE),
	"ISRELEASED" VARCHAR2(20 BYTE)
   ) SEGMENT CREATION IMMEDIATE
  PCTFREE 10 PCTUSED 40 INITRANS 1 MAXTRANS 255 NOCOMPRESS LOGGING
  STORAGE(INITIAL 65536 NEXT 1048576 MINEXTENTS 1 MAXEXTENTS 2147483645
  PCTINCREASE 0 FREELISTS 1 FREELIST GROUPS 1 BUFFER_POOL DEFAULT FLASH_CACHE DEFAULT CELL_FLASH_CACHE DEFAULT)
  TABLESPACE "MY_DATA" ;
--------------------------------------------------------
--  DDL for Table THEME
--------------------------------------------------------

  CREATE TABLE "IDETSU"."THEME"
   (	"THEMEID" VARCHAR2(20 BYTE),
	"TEXT" VARCHAR2(2000 BYTE),
	"THEMEPERIODID" VARCHAR2(20 BYTE)
   ) SEGMENT CREATION IMMEDIATE
  PCTFREE 10 PCTUSED 40 INITRANS 1 MAXTRANS 255 NOCOMPRESS LOGGING
  STORAGE(INITIAL 65536 NEXT 1048576 MINEXTENTS 1 MAXEXTENTS 2147483645
  PCTINCREASE 0 FREELISTS 1 FREELIST GROUPS 1 BUFFER_POOL DEFAULT FLASH_CACHE DEFAULT CELL_FLASH_CACHE DEFAULT)
  TABLESPACE "MY_DATA" ;
--------------------------------------------------------
--  DDL for Table THEMEPERIOD
--------------------------------------------------------

  CREATE TABLE "IDETSU"."THEMEPERIOD"
   (	"THEMEPERIODID" VARCHAR2(20 BYTE),
	"STARTDATE" VARCHAR2(20 BYTE),
	"ENDDATE" VARCHAR2(20 BYTE),
	"CREATEUSERID" VARCHAR2(20 BYTE)
   ) SEGMENT CREATION IMMEDIATE
  PCTFREE 10 PCTUSED 40 INITRANS 1 MAXTRANS 255 NOCOMPRESS LOGGING
  STORAGE(INITIAL 65536 NEXT 1048576 MINEXTENTS 1 MAXEXTENTS 2147483645
  PCTINCREASE 0 FREELISTS 1 FREELIST GROUPS 1 BUFFER_POOL DEFAULT FLASH_CACHE DEFAULT CELL_FLASH_CACHE DEFAULT)
  TABLESPACE "MY_DATA" ;
--------------------------------------------------------
--  DDL for Table USERS
--------------------------------------------------------

  CREATE TABLE "IDETSU"."USERS"
   (	"USERID" VARCHAR2(20 BYTE),
	"USERNAME" VARCHAR2(20 BYTE),
	"PASSWORD" VARCHAR2(32 BYTE),
	"AVERAGESCORE" FLOAT(126),
	"LOGINNAME" VARCHAR2(20 BYTE),
	"LOGINROLE" VARCHAR2(20 BYTE),
	"TESTCOUNT" NUMBER
   ) SEGMENT CREATION IMMEDIATE
  PCTFREE 10 PCTUSED 40 INITRANS 1 MAXTRANS 255 NOCOMPRESS LOGGING
  STORAGE(INITIAL 65536 NEXT 1048576 MINEXTENTS 1 MAXEXTENTS 2147483645
  PCTINCREASE 0 FREELISTS 1 FREELIST GROUPS 1 BUFFER_POOL DEFAULT FLASH_CACHE DEFAULT CELL_FLASH_CACHE DEFAULT)
  TABLESPACE "MY_DATA" ;
REM INSERTING into IDETSU.CHOICE
SET DEFINE OFF;
Insert into IDETSU.CHOICE (CHOICEID,QUESTIONID,TEXT,ISRIGHT,COMMENTARYTEXT) values ('0000001','0001','aiueo',null,'aaa');
Insert into IDETSU.CHOICE (CHOICEID,QUESTIONID,TEXT,ISRIGHT,COMMENTARYTEXT) values ('0000002','0001','kakikukeko',null,'aaa');
Insert into IDETSU.CHOICE (CHOICEID,QUESTIONID,TEXT,ISRIGHT,COMMENTARYTEXT) values ('0000003','0001','sasisuseso',null,'aaa');
Insert into IDETSU.CHOICE (CHOICEID,QUESTIONID,TEXT,ISRIGHT,COMMENTARYTEXT) values ('0000004','0001','tatituteto',null,'aaa');
Insert into IDETSU.CHOICE (CHOICEID,QUESTIONID,TEXT,ISRIGHT,COMMENTARYTEXT) values ('00000000000000000061','00000000000000000061',null,'FAIL',null);
Insert into IDETSU.CHOICE (CHOICEID,QUESTIONID,TEXT,ISRIGHT,COMMENTARYTEXT) values ('00000000000000000062','00000000000000000062',null,'FAIL',null);
Insert into IDETSU.CHOICE (CHOICEID,QUESTIONID,TEXT,ISRIGHT,COMMENTARYTEXT) values ('00000000000000000063','00000000000000000063',null,'FAIL',null);
Insert into IDETSU.CHOICE (CHOICEID,QUESTIONID,TEXT,ISRIGHT,COMMENTARYTEXT) values ('00000000000000000064','00000000000000000064',null,'FAIL',null);
Insert into IDETSU.CHOICE (CHOICEID,QUESTIONID,TEXT,ISRIGHT,COMMENTARYTEXT) values ('00000000000000000065','00000000000000000065',null,'FAIL',null);
Insert into IDETSU.CHOICE (CHOICEID,QUESTIONID,TEXT,ISRIGHT,COMMENTARYTEXT) values ('00000000000000000066','00000000000000000066',null,'FAIL',null);
Insert into IDETSU.CHOICE (CHOICEID,QUESTIONID,TEXT,ISRIGHT,COMMENTARYTEXT) values ('00000000000000000134','00000000000000000130',null,'FAIL',null);
Insert into IDETSU.CHOICE (CHOICEID,QUESTIONID,TEXT,ISRIGHT,COMMENTARYTEXT) values ('00000000000000000135','00000000000000000131',null,'FAIL',null);
Insert into IDETSU.CHOICE (CHOICEID,QUESTIONID,TEXT,ISRIGHT,COMMENTARYTEXT) values ('00000000000000000136','00000000000000000132',null,'FAIL',null);
Insert into IDETSU.CHOICE (CHOICEID,QUESTIONID,TEXT,ISRIGHT,COMMENTARYTEXT) values ('00000000000000000000','00000000000000000001','sda','FAIL','a');
Insert into IDETSU.CHOICE (CHOICEID,QUESTIONID,TEXT,ISRIGHT,COMMENTARYTEXT) values ('00000000000000000001','00000000000000000001',null,'CORRECT','af');
Insert into IDETSU.CHOICE (CHOICEID,QUESTIONID,TEXT,ISRIGHT,COMMENTARYTEXT) values ('00000000000000000002','00000000000000000002','sg','FAIL','sg');
Insert into IDETSU.CHOICE (CHOICEID,QUESTIONID,TEXT,ISRIGHT,COMMENTARYTEXT) values ('00000000000000000003','00000000000000000003','s','FAIL',null);
Insert into IDETSU.CHOICE (CHOICEID,QUESTIONID,TEXT,ISRIGHT,COMMENTARYTEXT) values ('00000000000000000004','00000000000000000003','g','FAIL',null);
Insert into IDETSU.CHOICE (CHOICEID,QUESTIONID,TEXT,ISRIGHT,COMMENTARYTEXT) values ('00000000000000000005','00000000000000000004',null,'FAIL',null);
Insert into IDETSU.CHOICE (CHOICEID,QUESTIONID,TEXT,ISRIGHT,COMMENTARYTEXT) values ('00000000000000000006','00000000000000000005',null,'FAIL',null);
Insert into IDETSU.CHOICE (CHOICEID,QUESTIONID,TEXT,ISRIGHT,COMMENTARYTEXT) values ('00000000000000000007','00000000000000000006',null,'FAIL',null);
Insert into IDETSU.CHOICE (CHOICEID,QUESTIONID,TEXT,ISRIGHT,COMMENTARYTEXT) values ('00000000000000000008','00000000000000000007',null,'FAIL',null);
Insert into IDETSU.CHOICE (CHOICEID,QUESTIONID,TEXT,ISRIGHT,COMMENTARYTEXT) values ('00000000000000000009','00000000000000000008',null,'FAIL',null);
Insert into IDETSU.CHOICE (CHOICEID,QUESTIONID,TEXT,ISRIGHT,COMMENTARYTEXT) values ('00000000000000000010','00000000000000000009',null,'FAIL',null);
Insert into IDETSU.CHOICE (CHOICEID,QUESTIONID,TEXT,ISRIGHT,COMMENTARYTEXT) values ('00000000000000000081','00000000000000000079',null,'FAIL',null);
Insert into IDETSU.CHOICE (CHOICEID,QUESTIONID,TEXT,ISRIGHT,COMMENTARYTEXT) values ('00000000000000000082','00000000000000000080',null,'FAIL',null);
Insert into IDETSU.CHOICE (CHOICEID,QUESTIONID,TEXT,ISRIGHT,COMMENTARYTEXT) values ('00000000000000000083','00000000000000000081',null,'FAIL',null);
Insert into IDETSU.CHOICE (CHOICEID,QUESTIONID,TEXT,ISRIGHT,COMMENTARYTEXT) values ('00000000000000000102','00000000000000000100',null,'FAIL',null);
Insert into IDETSU.CHOICE (CHOICEID,QUESTIONID,TEXT,ISRIGHT,COMMENTARYTEXT) values ('00000000000000000103','00000000000000000101',null,'FAIL',null);
Insert into IDETSU.CHOICE (CHOICEID,QUESTIONID,TEXT,ISRIGHT,COMMENTARYTEXT) values ('00000000000000000104','00000000000000000102',null,'FAIL',null);
Insert into IDETSU.CHOICE (CHOICEID,QUESTIONID,TEXT,ISRIGHT,COMMENTARYTEXT) values ('00000000000000000105','00000000000000000103',null,'FAIL',null);
Insert into IDETSU.CHOICE (CHOICEID,QUESTIONID,TEXT,ISRIGHT,COMMENTARYTEXT) values ('00000000000000000106','00000000000000000104',null,'FAIL',null);
Insert into IDETSU.CHOICE (CHOICEID,QUESTIONID,TEXT,ISRIGHT,COMMENTARYTEXT) values ('00000000000000000107','00000000000000000105',null,'FAIL',null);
Insert into IDETSU.CHOICE (CHOICEID,QUESTIONID,TEXT,ISRIGHT,COMMENTARYTEXT) values ('00000000000000000108','00000000000000000106',null,'FAIL',null);
Insert into IDETSU.CHOICE (CHOICEID,QUESTIONID,TEXT,ISRIGHT,COMMENTARYTEXT) values ('00000000000000000109','00000000000000000107',null,'FAIL',null);
Insert into IDETSU.CHOICE (CHOICEID,QUESTIONID,TEXT,ISRIGHT,COMMENTARYTEXT) values ('00000000000000000110','00000000000000000108',null,'FAIL',null);
Insert into IDETSU.CHOICE (CHOICEID,QUESTIONID,TEXT,ISRIGHT,COMMENTARYTEXT) values ('00000000000000000111','00000000000000000109',null,'FAIL',null);
Insert into IDETSU.CHOICE (CHOICEID,QUESTIONID,TEXT,ISRIGHT,COMMENTARYTEXT) values ('00000000000000000112','00000000000000000110',null,'FAIL',null);
Insert into IDETSU.CHOICE (CHOICEID,QUESTIONID,TEXT,ISRIGHT,COMMENTARYTEXT) values ('00000000000000000113','00000000000000000111',null,'FAIL',null);
Insert into IDETSU.CHOICE (CHOICEID,QUESTIONID,TEXT,ISRIGHT,COMMENTARYTEXT) values ('00000000000000000114','00000000000000000112',null,'FAIL',null);
Insert into IDETSU.CHOICE (CHOICEID,QUESTIONID,TEXT,ISRIGHT,COMMENTARYTEXT) values ('00000000000000000115','00000000000000000113',null,'FAIL',null);
Insert into IDETSU.CHOICE (CHOICEID,QUESTIONID,TEXT,ISRIGHT,COMMENTARYTEXT) values ('00000000000000000116','00000000000000000114',null,'FAIL',null);
Insert into IDETSU.CHOICE (CHOICEID,QUESTIONID,TEXT,ISRIGHT,COMMENTARYTEXT) values ('00000000000000000117','00000000000000000115',null,'FAIL','???');
Insert into IDETSU.CHOICE (CHOICEID,QUESTIONID,TEXT,ISRIGHT,COMMENTARYTEXT) values ('00000000000000000118','00000000000000000116',null,'FAIL',null);
Insert into IDETSU.CHOICE (CHOICEID,QUESTIONID,TEXT,ISRIGHT,COMMENTARYTEXT) values ('00000000000000000119','00000000000000000117',null,'FAIL',null);
Insert into IDETSU.CHOICE (CHOICEID,QUESTIONID,TEXT,ISRIGHT,COMMENTARYTEXT) values ('00000000000000000120','00000000000000000118',null,'CORRECT','?￣????');
Insert into IDETSU.CHOICE (CHOICEID,QUESTIONID,TEXT,ISRIGHT,COMMENTARYTEXT) values ('00000000000000000121','00000000000000000119',null,'FAIL',null);
Insert into IDETSU.CHOICE (CHOICEID,QUESTIONID,TEXT,ISRIGHT,COMMENTARYTEXT) values ('00000000000000000122','00000000000000000120',null,'FAIL',null);
Insert into IDETSU.CHOICE (CHOICEID,QUESTIONID,TEXT,ISRIGHT,COMMENTARYTEXT) values ('00000000000000000123','00000000000000000121',null,'CORRECT','???￣????????');
Insert into IDETSU.CHOICE (CHOICEID,QUESTIONID,TEXT,ISRIGHT,COMMENTARYTEXT) values ('00000000000000000124','00000000000000000122',null,'FAIL',null);
Insert into IDETSU.CHOICE (CHOICEID,QUESTIONID,TEXT,ISRIGHT,COMMENTARYTEXT) values ('00000000000000000125','00000000000000000123',null,'FAIL',null);
Insert into IDETSU.CHOICE (CHOICEID,QUESTIONID,TEXT,ISRIGHT,COMMENTARYTEXT) values ('00000000000000000137','00000000000000000133','null','FAIL','null');
Insert into IDETSU.CHOICE (CHOICEID,QUESTIONID,TEXT,ISRIGHT,COMMENTARYTEXT) values ('00000000000000000138','00000000000000000133',null,'FAIL',null);
Insert into IDETSU.CHOICE (CHOICEID,QUESTIONID,TEXT,ISRIGHT,COMMENTARYTEXT) values ('00000000000000000139','00000000000000000134','null','FAIL','null');
Insert into IDETSU.CHOICE (CHOICEID,QUESTIONID,TEXT,ISRIGHT,COMMENTARYTEXT) values ('00000000000000000140','00000000000000000135','null','FAIL','null');
Insert into IDETSU.CHOICE (CHOICEID,QUESTIONID,TEXT,ISRIGHT,COMMENTARYTEXT) values ('00000000000000000141','00000000000000000136','null','FAIL','null');
Insert into IDETSU.CHOICE (CHOICEID,QUESTIONID,TEXT,ISRIGHT,COMMENTARYTEXT) values ('00000000000000000142','00000000000000000136',null,'FAIL',null);
Insert into IDETSU.CHOICE (CHOICEID,QUESTIONID,TEXT,ISRIGHT,COMMENTARYTEXT) values ('00000000000000000143','00000000000000000137','null','FAIL','null');
Insert into IDETSU.CHOICE (CHOICEID,QUESTIONID,TEXT,ISRIGHT,COMMENTARYTEXT) values ('00000000000000000144','00000000000000000138','null','FAIL','null');
Insert into IDETSU.CHOICE (CHOICEID,QUESTIONID,TEXT,ISRIGHT,COMMENTARYTEXT) values ('00000000000000000145','00000000000000000139','null','FAIL','null');
Insert into IDETSU.CHOICE (CHOICEID,QUESTIONID,TEXT,ISRIGHT,COMMENTARYTEXT) values ('00000000000000000146','00000000000000000139',null,'FAIL',null);
Insert into IDETSU.CHOICE (CHOICEID,QUESTIONID,TEXT,ISRIGHT,COMMENTARYTEXT) values ('00000000000000000147','00000000000000000140','null','FAIL','null');
Insert into IDETSU.CHOICE (CHOICEID,QUESTIONID,TEXT,ISRIGHT,COMMENTARYTEXT) values ('00000000000000000148','00000000000000000141','null','FAIL','null');
Insert into IDETSU.CHOICE (CHOICEID,QUESTIONID,TEXT,ISRIGHT,COMMENTARYTEXT) values ('00000000000000000149','00000000000000000142','null','FAIL','null');
Insert into IDETSU.CHOICE (CHOICEID,QUESTIONID,TEXT,ISRIGHT,COMMENTARYTEXT) values ('00000000000000000150','00000000000000000143','null','FAIL','null');
Insert into IDETSU.CHOICE (CHOICEID,QUESTIONID,TEXT,ISRIGHT,COMMENTARYTEXT) values ('00000000000000000151','00000000000000000144','null','FAIL','null');
Insert into IDETSU.CHOICE (CHOICEID,QUESTIONID,TEXT,ISRIGHT,COMMENTARYTEXT) values ('00000000000000000152','00000000000000000145','null','FAIL','null');
Insert into IDETSU.CHOICE (CHOICEID,QUESTIONID,TEXT,ISRIGHT,COMMENTARYTEXT) values ('00000000000000000153','00000000000000000146','null','FAIL','null');
Insert into IDETSU.CHOICE (CHOICEID,QUESTIONID,TEXT,ISRIGHT,COMMENTARYTEXT) values ('00000000000000000154','00000000000000000147','null','FAIL','null');
Insert into IDETSU.CHOICE (CHOICEID,QUESTIONID,TEXT,ISRIGHT,COMMENTARYTEXT) values ('00000000000000000014','00000000000000000013',null,'FAIL',null);
Insert into IDETSU.CHOICE (CHOICEID,QUESTIONID,TEXT,ISRIGHT,COMMENTARYTEXT) values ('00000000000000000015','00000000000000000014',null,'FAIL',null);
Insert into IDETSU.CHOICE (CHOICEID,QUESTIONID,TEXT,ISRIGHT,COMMENTARYTEXT) values ('00000000000000000016','00000000000000000015',null,'FAIL',null);
Insert into IDETSU.CHOICE (CHOICEID,QUESTIONID,TEXT,ISRIGHT,COMMENTARYTEXT) values ('00000000000000000017','00000000000000000016',null,'FAIL',null);
Insert into IDETSU.CHOICE (CHOICEID,QUESTIONID,TEXT,ISRIGHT,COMMENTARYTEXT) values ('00000000000000000018','00000000000000000017',null,'FAIL',null);
Insert into IDETSU.CHOICE (CHOICEID,QUESTIONID,TEXT,ISRIGHT,COMMENTARYTEXT) values ('00000000000000000019','00000000000000000018',null,'FAIL',null);
Insert into IDETSU.CHOICE (CHOICEID,QUESTIONID,TEXT,ISRIGHT,COMMENTARYTEXT) values ('00000000000000000182','00000000000000000166',null,'FAIL',null);
Insert into IDETSU.CHOICE (CHOICEID,QUESTIONID,TEXT,ISRIGHT,COMMENTARYTEXT) values ('00000000000000000183','00000000000000000167',null,'FAIL',null);
Insert into IDETSU.CHOICE (CHOICEID,QUESTIONID,TEXT,ISRIGHT,COMMENTARYTEXT) values ('00000000000000000184','00000000000000000168',null,'FAIL',null);
Insert into IDETSU.CHOICE (CHOICEID,QUESTIONID,TEXT,ISRIGHT,COMMENTARYTEXT) values ('00000000000000000011','00000000000000000010',null,'FAIL',null);
Insert into IDETSU.CHOICE (CHOICEID,QUESTIONID,TEXT,ISRIGHT,COMMENTARYTEXT) values ('00000000000000000012','00000000000000000011',null,'FAIL',null);
Insert into IDETSU.CHOICE (CHOICEID,QUESTIONID,TEXT,ISRIGHT,COMMENTARYTEXT) values ('00000000000000000013','00000000000000000012',null,'FAIL',null);
Insert into IDETSU.CHOICE (CHOICEID,QUESTIONID,TEXT,ISRIGHT,COMMENTARYTEXT) values ('00000000000000000040','00000000000000000040','d','FAIL','null');
Insert into IDETSU.CHOICE (CHOICEID,QUESTIONID,TEXT,ISRIGHT,COMMENTARYTEXT) values ('00000000000000000041','00000000000000000041','null','FAIL','null');
Insert into IDETSU.CHOICE (CHOICEID,QUESTIONID,TEXT,ISRIGHT,COMMENTARYTEXT) values ('00000000000000000042','00000000000000000042','ad','CORRECT','null');
Insert into IDETSU.CHOICE (CHOICEID,QUESTIONID,TEXT,ISRIGHT,COMMENTARYTEXT) values ('00000000000000000043','00000000000000000043','d','FAIL','adad');
Insert into IDETSU.CHOICE (CHOICEID,QUESTIONID,TEXT,ISRIGHT,COMMENTARYTEXT) values ('00000000000000000044','00000000000000000044','null','FAIL','null');
Insert into IDETSU.CHOICE (CHOICEID,QUESTIONID,TEXT,ISRIGHT,COMMENTARYTEXT) values ('00000000000000000045','00000000000000000045','ad','CORRECT','null');
Insert into IDETSU.CHOICE (CHOICEID,QUESTIONID,TEXT,ISRIGHT,COMMENTARYTEXT) values ('00000000000000000046','00000000000000000046',null,'FAIL',null);
Insert into IDETSU.CHOICE (CHOICEID,QUESTIONID,TEXT,ISRIGHT,COMMENTARYTEXT) values ('00000000000000000047','00000000000000000047',null,'FAIL',null);
Insert into IDETSU.CHOICE (CHOICEID,QUESTIONID,TEXT,ISRIGHT,COMMENTARYTEXT) values ('00000000000000000048','00000000000000000048',null,'FAIL',null);
Insert into IDETSU.CHOICE (CHOICEID,QUESTIONID,TEXT,ISRIGHT,COMMENTARYTEXT) values ('00000000000000000049','00000000000000000049','null','FAIL','null');
Insert into IDETSU.CHOICE (CHOICEID,QUESTIONID,TEXT,ISRIGHT,COMMENTARYTEXT) values ('00000000000000000050','00000000000000000050','null','FAIL','null');
Insert into IDETSU.CHOICE (CHOICEID,QUESTIONID,TEXT,ISRIGHT,COMMENTARYTEXT) values ('00000000000000000051','00000000000000000051','null','FAIL','null');
Insert into IDETSU.CHOICE (CHOICEID,QUESTIONID,TEXT,ISRIGHT,COMMENTARYTEXT) values ('00000000000000000052','00000000000000000052','null','FAIL','null');
Insert into IDETSU.CHOICE (CHOICEID,QUESTIONID,TEXT,ISRIGHT,COMMENTARYTEXT) values ('00000000000000000053','00000000000000000053','null','FAIL','null');
Insert into IDETSU.CHOICE (CHOICEID,QUESTIONID,TEXT,ISRIGHT,COMMENTARYTEXT) values ('00000000000000000054','00000000000000000054','null','FAIL','null');
Insert into IDETSU.CHOICE (CHOICEID,QUESTIONID,TEXT,ISRIGHT,COMMENTARYTEXT) values ('00000000000000000055','00000000000000000055',null,'FAIL',null);
Insert into IDETSU.CHOICE (CHOICEID,QUESTIONID,TEXT,ISRIGHT,COMMENTARYTEXT) values ('00000000000000000056','00000000000000000056',null,'FAIL',null);
Insert into IDETSU.CHOICE (CHOICEID,QUESTIONID,TEXT,ISRIGHT,COMMENTARYTEXT) values ('00000000000000000057','00000000000000000057',null,'FAIL',null);
Insert into IDETSU.CHOICE (CHOICEID,QUESTIONID,TEXT,ISRIGHT,COMMENTARYTEXT) values ('00000000000000000058','00000000000000000058',null,'FAIL',null);
Insert into IDETSU.CHOICE (CHOICEID,QUESTIONID,TEXT,ISRIGHT,COMMENTARYTEXT) values ('00000000000000000059','00000000000000000059',null,'FAIL',null);
Insert into IDETSU.CHOICE (CHOICEID,QUESTIONID,TEXT,ISRIGHT,COMMENTARYTEXT) values ('00000000000000000060','00000000000000000060',null,'FAIL',null);
Insert into IDETSU.CHOICE (CHOICEID,QUESTIONID,TEXT,ISRIGHT,COMMENTARYTEXT) values ('00000000000000000067','00000000000000000067',null,'FAIL',null);
Insert into IDETSU.CHOICE (CHOICEID,QUESTIONID,TEXT,ISRIGHT,COMMENTARYTEXT) values ('00000000000000000068','00000000000000000068',null,'FAIL',null);
Insert into IDETSU.CHOICE (CHOICEID,QUESTIONID,TEXT,ISRIGHT,COMMENTARYTEXT) values ('00000000000000000069','00000000000000000069',null,'FAIL',null);
Insert into IDETSU.CHOICE (CHOICEID,QUESTIONID,TEXT,ISRIGHT,COMMENTARYTEXT) values ('00000000000000000070','00000000000000000070',null,'FAIL','q');
Insert into IDETSU.CHOICE (CHOICEID,QUESTIONID,TEXT,ISRIGHT,COMMENTARYTEXT) values ('00000000000000000071','00000000000000000071',null,'FAIL',null);
Insert into IDETSU.CHOICE (CHOICEID,QUESTIONID,TEXT,ISRIGHT,COMMENTARYTEXT) values ('00000000000000000072','00000000000000000072',null,'FAIL',null);
Insert into IDETSU.CHOICE (CHOICEID,QUESTIONID,TEXT,ISRIGHT,COMMENTARYTEXT) values ('00000000000000000073','00000000000000000073',null,'FAIL',null);
Insert into IDETSU.CHOICE (CHOICEID,QUESTIONID,TEXT,ISRIGHT,COMMENTARYTEXT) values ('00000000000000000074','00000000000000000073',null,'FAIL',null);
Insert into IDETSU.CHOICE (CHOICEID,QUESTIONID,TEXT,ISRIGHT,COMMENTARYTEXT) values ('00000000000000000075','00000000000000000074',null,'FAIL',null);
Insert into IDETSU.CHOICE (CHOICEID,QUESTIONID,TEXT,ISRIGHT,COMMENTARYTEXT) values ('00000000000000000076','00000000000000000075','asfaf','FAIL',null);
Insert into IDETSU.CHOICE (CHOICEID,QUESTIONID,TEXT,ISRIGHT,COMMENTARYTEXT) values ('00000000000000000077','00000000000000000076','null','FAIL','null');
Insert into IDETSU.CHOICE (CHOICEID,QUESTIONID,TEXT,ISRIGHT,COMMENTARYTEXT) values ('00000000000000000078','00000000000000000076','null','FAIL','null');
Insert into IDETSU.CHOICE (CHOICEID,QUESTIONID,TEXT,ISRIGHT,COMMENTARYTEXT) values ('00000000000000000079','00000000000000000077','null','FAIL','null');
Insert into IDETSU.CHOICE (CHOICEID,QUESTIONID,TEXT,ISRIGHT,COMMENTARYTEXT) values ('00000000000000000080','00000000000000000078','asfaf','FAIL','null');
Insert into IDETSU.CHOICE (CHOICEID,QUESTIONID,TEXT,ISRIGHT,COMMENTARYTEXT) values ('00000000000000000126','00000000000000000124',null,'FAIL',null);
Insert into IDETSU.CHOICE (CHOICEID,QUESTIONID,TEXT,ISRIGHT,COMMENTARYTEXT) values ('00000000000000000127','00000000000000000124',null,'FAIL',null);
Insert into IDETSU.CHOICE (CHOICEID,QUESTIONID,TEXT,ISRIGHT,COMMENTARYTEXT) values ('00000000000000000128','00000000000000000125',null,'FAIL',null);
Insert into IDETSU.CHOICE (CHOICEID,QUESTIONID,TEXT,ISRIGHT,COMMENTARYTEXT) values ('00000000000000000129','00000000000000000126',null,'FAIL',null);
Insert into IDETSU.CHOICE (CHOICEID,QUESTIONID,TEXT,ISRIGHT,COMMENTARYTEXT) values ('00000000000000000130','00000000000000000127',null,'FAIL',null);
Insert into IDETSU.CHOICE (CHOICEID,QUESTIONID,TEXT,ISRIGHT,COMMENTARYTEXT) values ('00000000000000000131','00000000000000000127',null,'FAIL',null);
Insert into IDETSU.CHOICE (CHOICEID,QUESTIONID,TEXT,ISRIGHT,COMMENTARYTEXT) values ('00000000000000000132','00000000000000000128',null,'FAIL',null);
Insert into IDETSU.CHOICE (CHOICEID,QUESTIONID,TEXT,ISRIGHT,COMMENTARYTEXT) values ('00000000000000000133','00000000000000000129',null,'FAIL',null);
Insert into IDETSU.CHOICE (CHOICEID,QUESTIONID,TEXT,ISRIGHT,COMMENTARYTEXT) values ('00000000000000000155','00000000000000000148',null,'FAIL',null);
Insert into IDETSU.CHOICE (CHOICEID,QUESTIONID,TEXT,ISRIGHT,COMMENTARYTEXT) values ('00000000000000000156','00000000000000000149',null,'FAIL',null);
Insert into IDETSU.CHOICE (CHOICEID,QUESTIONID,TEXT,ISRIGHT,COMMENTARYTEXT) values ('00000000000000000157','00000000000000000150',null,'FAIL',null);
Insert into IDETSU.CHOICE (CHOICEID,QUESTIONID,TEXT,ISRIGHT,COMMENTARYTEXT) values ('00000000000000000158','00000000000000000151',null,'FAIL',null);
Insert into IDETSU.CHOICE (CHOICEID,QUESTIONID,TEXT,ISRIGHT,COMMENTARYTEXT) values ('00000000000000000159','00000000000000000152',null,'FAIL',null);
Insert into IDETSU.CHOICE (CHOICEID,QUESTIONID,TEXT,ISRIGHT,COMMENTARYTEXT) values ('00000000000000000160','00000000000000000153',null,'FAIL',null);
Insert into IDETSU.CHOICE (CHOICEID,QUESTIONID,TEXT,ISRIGHT,COMMENTARYTEXT) values ('00000000000000000161','00000000000000000154',null,'FAIL',null);
Insert into IDETSU.CHOICE (CHOICEID,QUESTIONID,TEXT,ISRIGHT,COMMENTARYTEXT) values ('00000000000000000162','00000000000000000155',null,'FAIL',null);
Insert into IDETSU.CHOICE (CHOICEID,QUESTIONID,TEXT,ISRIGHT,COMMENTARYTEXT) values ('00000000000000000163','00000000000000000156',null,'FAIL',null);
Insert into IDETSU.CHOICE (CHOICEID,QUESTIONID,TEXT,ISRIGHT,COMMENTARYTEXT) values ('00000000000000000164','00000000000000000157','ad','FAIL','sf');
Insert into IDETSU.CHOICE (CHOICEID,QUESTIONID,TEXT,ISRIGHT,COMMENTARYTEXT) values ('00000000000000000165','00000000000000000157','af','CORRECT','asf');
Insert into IDETSU.CHOICE (CHOICEID,QUESTIONID,TEXT,ISRIGHT,COMMENTARYTEXT) values ('00000000000000000166','00000000000000000158','gsgs','CORRECT','fa');
Insert into IDETSU.CHOICE (CHOICEID,QUESTIONID,TEXT,ISRIGHT,COMMENTARYTEXT) values ('00000000000000000167','00000000000000000158','sgs','FAIL','sgs');
Insert into IDETSU.CHOICE (CHOICEID,QUESTIONID,TEXT,ISRIGHT,COMMENTARYTEXT) values ('00000000000000000168','00000000000000000158','gsg','FAIL','sg');
Insert into IDETSU.CHOICE (CHOICEID,QUESTIONID,TEXT,ISRIGHT,COMMENTARYTEXT) values ('00000000000000000169','00000000000000000159',null,'FAIL','sgs');
Insert into IDETSU.CHOICE (CHOICEID,QUESTIONID,TEXT,ISRIGHT,COMMENTARYTEXT) values ('00000000000000000170','00000000000000000160','ad','FAIL','sf');
Insert into IDETSU.CHOICE (CHOICEID,QUESTIONID,TEXT,ISRIGHT,COMMENTARYTEXT) values ('00000000000000000171','00000000000000000160','af','CORRECT','asf');
Insert into IDETSU.CHOICE (CHOICEID,QUESTIONID,TEXT,ISRIGHT,COMMENTARYTEXT) values ('00000000000000000172','00000000000000000161','gsgs','CORRECT','fa');
Insert into IDETSU.CHOICE (CHOICEID,QUESTIONID,TEXT,ISRIGHT,COMMENTARYTEXT) values ('00000000000000000173','00000000000000000161','sgs','FAIL','sgs');
Insert into IDETSU.CHOICE (CHOICEID,QUESTIONID,TEXT,ISRIGHT,COMMENTARYTEXT) values ('00000000000000000174','00000000000000000161','gsg','FAIL','sg');
Insert into IDETSU.CHOICE (CHOICEID,QUESTIONID,TEXT,ISRIGHT,COMMENTARYTEXT) values ('00000000000000000175','00000000000000000162',null,'FAIL','sgs');
Insert into IDETSU.CHOICE (CHOICEID,QUESTIONID,TEXT,ISRIGHT,COMMENTARYTEXT) values ('00000000000000000176','00000000000000000163','ad','FAIL','sf');
Insert into IDETSU.CHOICE (CHOICEID,QUESTIONID,TEXT,ISRIGHT,COMMENTARYTEXT) values ('00000000000000000177','00000000000000000163','af','CORRECT','asf');
Insert into IDETSU.CHOICE (CHOICEID,QUESTIONID,TEXT,ISRIGHT,COMMENTARYTEXT) values ('00000000000000000178','00000000000000000164','gsgs','CORRECT','fa');
Insert into IDETSU.CHOICE (CHOICEID,QUESTIONID,TEXT,ISRIGHT,COMMENTARYTEXT) values ('00000000000000000179','00000000000000000164','sgs','FAIL','sgs');
Insert into IDETSU.CHOICE (CHOICEID,QUESTIONID,TEXT,ISRIGHT,COMMENTARYTEXT) values ('00000000000000000180','00000000000000000164','gsg','FAIL','sg');
Insert into IDETSU.CHOICE (CHOICEID,QUESTIONID,TEXT,ISRIGHT,COMMENTARYTEXT) values ('00000000000000000181','00000000000000000165','gsgdsgsdh','FAIL','sgs');
Insert into IDETSU.CHOICE (CHOICEID,QUESTIONID,TEXT,ISRIGHT,COMMENTARYTEXT) values ('00000000000000000185','00000000000000000169',null,'FAIL',null);
Insert into IDETSU.CHOICE (CHOICEID,QUESTIONID,TEXT,ISRIGHT,COMMENTARYTEXT) values ('00000000000000000186','00000000000000000170',null,'FAIL',null);
Insert into IDETSU.CHOICE (CHOICEID,QUESTIONID,TEXT,ISRIGHT,COMMENTARYTEXT) values ('00000000000000000187','00000000000000000171',null,'FAIL',null);
Insert into IDETSU.CHOICE (CHOICEID,QUESTIONID,TEXT,ISRIGHT,COMMENTARYTEXT) values ('00000000000000000188','00000000000000000172',null,'FAIL',null);
Insert into IDETSU.CHOICE (CHOICEID,QUESTIONID,TEXT,ISRIGHT,COMMENTARYTEXT) values ('00000000000000000189','00000000000000000173',null,'FAIL',null);
Insert into IDETSU.CHOICE (CHOICEID,QUESTIONID,TEXT,ISRIGHT,COMMENTARYTEXT) values ('00000000000000000190','00000000000000000174',null,'FAIL',null);
Insert into IDETSU.CHOICE (CHOICEID,QUESTIONID,TEXT,ISRIGHT,COMMENTARYTEXT) values ('00000000000000000191','00000000000000000175',null,'FAIL',null);
Insert into IDETSU.CHOICE (CHOICEID,QUESTIONID,TEXT,ISRIGHT,COMMENTARYTEXT) values ('00000000000000000192','00000000000000000176',null,'FAIL',null);
Insert into IDETSU.CHOICE (CHOICEID,QUESTIONID,TEXT,ISRIGHT,COMMENTARYTEXT) values ('00000000000000000193','00000000000000000177',null,'FAIL',null);
Insert into IDETSU.CHOICE (CHOICEID,QUESTIONID,TEXT,ISRIGHT,COMMENTARYTEXT) values ('00000000000000000194','00000000000000000178',null,'FAIL',null);
Insert into IDETSU.CHOICE (CHOICEID,QUESTIONID,TEXT,ISRIGHT,COMMENTARYTEXT) values ('00000000000000000195','00000000000000000179',null,'FAIL',null);
Insert into IDETSU.CHOICE (CHOICEID,QUESTIONID,TEXT,ISRIGHT,COMMENTARYTEXT) values ('00000000000000000196','00000000000000000180',null,'FAIL',null);
Insert into IDETSU.CHOICE (CHOICEID,QUESTIONID,TEXT,ISRIGHT,COMMENTARYTEXT) values ('00000000000000000020','00000000000000000019','3','CORRECT','3');
Insert into IDETSU.CHOICE (CHOICEID,QUESTIONID,TEXT,ISRIGHT,COMMENTARYTEXT) values ('00000000000000000021','00000000000000000019','3535','FAIL','3636');
Insert into IDETSU.CHOICE (CHOICEID,QUESTIONID,TEXT,ISRIGHT,COMMENTARYTEXT) values ('00000000000000000022','00000000000000000020','346346','CORRECT','3634');
Insert into IDETSU.CHOICE (CHOICEID,QUESTIONID,TEXT,ISRIGHT,COMMENTARYTEXT) values ('00000000000000000023','00000000000000000020','364346','CORRECT','3643');
Insert into IDETSU.CHOICE (CHOICEID,QUESTIONID,TEXT,ISRIGHT,COMMENTARYTEXT) values ('00000000000000000024','00000000000000000021','3636','FAIL','464');
Insert into IDETSU.CHOICE (CHOICEID,QUESTIONID,TEXT,ISRIGHT,COMMENTARYTEXT) values ('00000000000000000025','00000000000000000021','3636','FAIL','463');
Insert into IDETSU.CHOICE (CHOICEID,QUESTIONID,TEXT,ISRIGHT,COMMENTARYTEXT) values ('00000000000000000026','00000000000000000022','3','CORRECT','3');
Insert into IDETSU.CHOICE (CHOICEID,QUESTIONID,TEXT,ISRIGHT,COMMENTARYTEXT) values ('00000000000000000027','00000000000000000022','3535','FAIL','3636');
Insert into IDETSU.CHOICE (CHOICEID,QUESTIONID,TEXT,ISRIGHT,COMMENTARYTEXT) values ('00000000000000000028','00000000000000000023','346346','CORRECT','3634');
Insert into IDETSU.CHOICE (CHOICEID,QUESTIONID,TEXT,ISRIGHT,COMMENTARYTEXT) values ('00000000000000000029','00000000000000000023','364346','CORRECT','3643');
Insert into IDETSU.CHOICE (CHOICEID,QUESTIONID,TEXT,ISRIGHT,COMMENTARYTEXT) values ('00000000000000000030','00000000000000000024','3636','FAIL','464');
Insert into IDETSU.CHOICE (CHOICEID,QUESTIONID,TEXT,ISRIGHT,COMMENTARYTEXT) values ('00000000000000000031','00000000000000000024','3636','FAIL','463');
Insert into IDETSU.CHOICE (CHOICEID,QUESTIONID,TEXT,ISRIGHT,COMMENTARYTEXT) values ('00000000000000000032','00000000000000000025','d','FAIL',null);
Insert into IDETSU.CHOICE (CHOICEID,QUESTIONID,TEXT,ISRIGHT,COMMENTARYTEXT) values ('00000000000000000033','00000000000000000026',null,'FAIL',null);
Insert into IDETSU.CHOICE (CHOICEID,QUESTIONID,TEXT,ISRIGHT,COMMENTARYTEXT) values ('00000000000000000034','00000000000000000027','ad','CORRECT',null);
Insert into IDETSU.CHOICE (CHOICEID,QUESTIONID,TEXT,ISRIGHT,COMMENTARYTEXT) values ('00000000000000000084','00000000000000000082',null,'FAIL',null);
Insert into IDETSU.CHOICE (CHOICEID,QUESTIONID,TEXT,ISRIGHT,COMMENTARYTEXT) values ('00000000000000000085','00000000000000000083',null,'FAIL',null);
Insert into IDETSU.CHOICE (CHOICEID,QUESTIONID,TEXT,ISRIGHT,COMMENTARYTEXT) values ('00000000000000000086','00000000000000000084',null,'FAIL',null);
Insert into IDETSU.CHOICE (CHOICEID,QUESTIONID,TEXT,ISRIGHT,COMMENTARYTEXT) values ('00000000000000000087','00000000000000000085','null','FAIL','null');
Insert into IDETSU.CHOICE (CHOICEID,QUESTIONID,TEXT,ISRIGHT,COMMENTARYTEXT) values ('00000000000000000088','00000000000000000086','null','FAIL','null');
Insert into IDETSU.CHOICE (CHOICEID,QUESTIONID,TEXT,ISRIGHT,COMMENTARYTEXT) values ('00000000000000000089','00000000000000000087','null','FAIL','null');
Insert into IDETSU.CHOICE (CHOICEID,QUESTIONID,TEXT,ISRIGHT,COMMENTARYTEXT) values ('00000000000000000090','00000000000000000088','null','FAIL','null');
Insert into IDETSU.CHOICE (CHOICEID,QUESTIONID,TEXT,ISRIGHT,COMMENTARYTEXT) values ('00000000000000000091','00000000000000000089','null','FAIL','null');
Insert into IDETSU.CHOICE (CHOICEID,QUESTIONID,TEXT,ISRIGHT,COMMENTARYTEXT) values ('00000000000000000092','00000000000000000090','null','FAIL','null');
Insert into IDETSU.CHOICE (CHOICEID,QUESTIONID,TEXT,ISRIGHT,COMMENTARYTEXT) values ('00000000000000000093','00000000000000000091','null','FAIL','null');
Insert into IDETSU.CHOICE (CHOICEID,QUESTIONID,TEXT,ISRIGHT,COMMENTARYTEXT) values ('00000000000000000094','00000000000000000092','null','FAIL','null');
Insert into IDETSU.CHOICE (CHOICEID,QUESTIONID,TEXT,ISRIGHT,COMMENTARYTEXT) values ('00000000000000000095','00000000000000000093','null','FAIL','null');
Insert into IDETSU.CHOICE (CHOICEID,QUESTIONID,TEXT,ISRIGHT,COMMENTARYTEXT) values ('00000000000000000096','00000000000000000094','null','FAIL','null');
Insert into IDETSU.CHOICE (CHOICEID,QUESTIONID,TEXT,ISRIGHT,COMMENTARYTEXT) values ('00000000000000000097','00000000000000000095','null','FAIL','null');
Insert into IDETSU.CHOICE (CHOICEID,QUESTIONID,TEXT,ISRIGHT,COMMENTARYTEXT) values ('00000000000000000098','00000000000000000096','null','FAIL','null');
Insert into IDETSU.CHOICE (CHOICEID,QUESTIONID,TEXT,ISRIGHT,COMMENTARYTEXT) values ('00000000000000000099','00000000000000000097','null','FAIL','null');
Insert into IDETSU.CHOICE (CHOICEID,QUESTIONID,TEXT,ISRIGHT,COMMENTARYTEXT) values ('00000000000000000100','00000000000000000098','null','FAIL','null');
Insert into IDETSU.CHOICE (CHOICEID,QUESTIONID,TEXT,ISRIGHT,COMMENTARYTEXT) values ('00000000000000000101','00000000000000000099','null','FAIL','null');
REM INSERTING into IDETSU.QUESTION
SET DEFINE OFF;
Insert into IDETSU.QUESTION (QUESTIONID,TESTID,THEMEID,QUESTIONTYPE,TEXT,COMMENTARYTEXT) values ('0001','0001','0001',null,'a',null);
Insert into IDETSU.QUESTION (QUESTIONID,TESTID,THEMEID,QUESTIONTYPE,TEXT,COMMENTARYTEXT) values ('0002','0001','0002',null,'b',null);
Insert into IDETSU.QUESTION (QUESTIONID,TESTID,THEMEID,QUESTIONTYPE,TEXT,COMMENTARYTEXT) values ('0003','0001','0003',null,'c',null);
Insert into IDETSU.QUESTION (QUESTIONID,TESTID,THEMEID,QUESTIONTYPE,TEXT,COMMENTARYTEXT) values ('00000000000000000061','00000000000000000022','0004','RADIO_BUTTON',null,null);
Insert into IDETSU.QUESTION (QUESTIONID,TESTID,THEMEID,QUESTIONTYPE,TEXT,COMMENTARYTEXT) values ('00000000000000000062','00000000000000000022','0004','RADIO_BUTTON',null,null);
Insert into IDETSU.QUESTION (QUESTIONID,TESTID,THEMEID,QUESTIONTYPE,TEXT,COMMENTARYTEXT) values ('00000000000000000063','00000000000000000022','0004','RADIO_BUTTON',null,null);
Insert into IDETSU.QUESTION (QUESTIONID,TESTID,THEMEID,QUESTIONTYPE,TEXT,COMMENTARYTEXT) values ('00000000000000000064','00000000000000000022','0004','RADIO_BUTTON',null,null);
Insert into IDETSU.QUESTION (QUESTIONID,TESTID,THEMEID,QUESTIONTYPE,TEXT,COMMENTARYTEXT) values ('00000000000000000065','00000000000000000022','0004','RADIO_BUTTON',null,null);
Insert into IDETSU.QUESTION (QUESTIONID,TESTID,THEMEID,QUESTIONTYPE,TEXT,COMMENTARYTEXT) values ('00000000000000000066','00000000000000000022','0004','RADIO_BUTTON',null,null);
Insert into IDETSU.QUESTION (QUESTIONID,TESTID,THEMEID,QUESTIONTYPE,TEXT,COMMENTARYTEXT) values ('00000000000000000130','00000000000000000030','0005','RADIO_BUTTON',null,null);
Insert into IDETSU.QUESTION (QUESTIONID,TESTID,THEMEID,QUESTIONTYPE,TEXT,COMMENTARYTEXT) values ('00000000000000000131','00000000000000000030','0004','RADIO_BUTTON',null,null);
Insert into IDETSU.QUESTION (QUESTIONID,TESTID,THEMEID,QUESTIONTYPE,TEXT,COMMENTARYTEXT) values ('00000000000000000132','00000000000000000030','0004','RADIO_BUTTON',null,null);
Insert into IDETSU.QUESTION (QUESTIONID,TESTID,THEMEID,QUESTIONTYPE,TEXT,COMMENTARYTEXT) values ('00000000000000000001','null','domain.Theme@1bb5956','RADIO_BUTTON','sd','f');
Insert into IDETSU.QUESTION (QUESTIONID,TESTID,THEMEID,QUESTIONTYPE,TEXT,COMMENTARYTEXT) values ('00000000000000000002','null','domain.Theme@1bb5956','RADIO_BUTTON','egs','sg');
Insert into IDETSU.QUESTION (QUESTIONID,TESTID,THEMEID,QUESTIONTYPE,TEXT,COMMENTARYTEXT) values ('00000000000000000003','null','domain.Theme@1bb5956','TEXT','egegeg','sg');
Insert into IDETSU.QUESTION (QUESTIONID,TESTID,THEMEID,QUESTIONTYPE,TEXT,COMMENTARYTEXT) values ('00000000000000000004','null','domain.Theme@17cbf78','RADIO_BUTTON',null,null);
Insert into IDETSU.QUESTION (QUESTIONID,TESTID,THEMEID,QUESTIONTYPE,TEXT,COMMENTARYTEXT) values ('00000000000000000005','null','domain.Theme@17cbf78','RADIO_BUTTON',null,null);
Insert into IDETSU.QUESTION (QUESTIONID,TESTID,THEMEID,QUESTIONTYPE,TEXT,COMMENTARYTEXT) values ('00000000000000000006','null','domain.Theme@17cbf78','RADIO_BUTTON',null,null);
Insert into IDETSU.QUESTION (QUESTIONID,TESTID,THEMEID,QUESTIONTYPE,TEXT,COMMENTARYTEXT) values ('00000000000000000007','null','domain.Theme@1a3132c','RADIO_BUTTON',null,null);
Insert into IDETSU.QUESTION (QUESTIONID,TESTID,THEMEID,QUESTIONTYPE,TEXT,COMMENTARYTEXT) values ('00000000000000000008','null','domain.Theme@1a3132c','RADIO_BUTTON',null,null);
Insert into IDETSU.QUESTION (QUESTIONID,TESTID,THEMEID,QUESTIONTYPE,TEXT,COMMENTARYTEXT) values ('00000000000000000009','null','domain.Theme@1a3132c','RADIO_BUTTON',null,null);
Insert into IDETSU.QUESTION (QUESTIONID,TESTID,THEMEID,QUESTIONTYPE,TEXT,COMMENTARYTEXT) values ('00000000000000000079',null,'0004','RADIO_BUTTON',null,null);
Insert into IDETSU.QUESTION (QUESTIONID,TESTID,THEMEID,QUESTIONTYPE,TEXT,COMMENTARYTEXT) values ('00000000000000000080',null,'0004','RADIO_BUTTON',null,null);
Insert into IDETSU.QUESTION (QUESTIONID,TESTID,THEMEID,QUESTIONTYPE,TEXT,COMMENTARYTEXT) values ('00000000000000000081',null,'0004','RADIO_BUTTON',null,null);
Insert into IDETSU.QUESTION (QUESTIONID,TESTID,THEMEID,QUESTIONTYPE,TEXT,COMMENTARYTEXT) values ('00000000000000000100','00000000000000000028','0005','RADIO_BUTTON',null,null);
Insert into IDETSU.QUESTION (QUESTIONID,TESTID,THEMEID,QUESTIONTYPE,TEXT,COMMENTARYTEXT) values ('00000000000000000101','00000000000000000028','0004','RADIO_BUTTON',null,null);
Insert into IDETSU.QUESTION (QUESTIONID,TESTID,THEMEID,QUESTIONTYPE,TEXT,COMMENTARYTEXT) values ('00000000000000000102','00000000000000000028','0004','RADIO_BUTTON',null,null);
Insert into IDETSU.QUESTION (QUESTIONID,TESTID,THEMEID,QUESTIONTYPE,TEXT,COMMENTARYTEXT) values ('00000000000000000103','00000000000000000028','0005','CHECK_BOX',null,null);
Insert into IDETSU.QUESTION (QUESTIONID,TESTID,THEMEID,QUESTIONTYPE,TEXT,COMMENTARYTEXT) values ('00000000000000000104','00000000000000000028','0004','RADIO_BUTTON',null,null);
Insert into IDETSU.QUESTION (QUESTIONID,TESTID,THEMEID,QUESTIONTYPE,TEXT,COMMENTARYTEXT) values ('00000000000000000105','00000000000000000028','0004','RADIO_BUTTON',null,null);
Insert into IDETSU.QUESTION (QUESTIONID,TESTID,THEMEID,QUESTIONTYPE,TEXT,COMMENTARYTEXT) values ('00000000000000000106','00000000000000000028','0005','TEXT',null,null);
Insert into IDETSU.QUESTION (QUESTIONID,TESTID,THEMEID,QUESTIONTYPE,TEXT,COMMENTARYTEXT) values ('00000000000000000107','00000000000000000028','0004','RADIO_BUTTON',null,null);
Insert into IDETSU.QUESTION (QUESTIONID,TESTID,THEMEID,QUESTIONTYPE,TEXT,COMMENTARYTEXT) values ('00000000000000000108','00000000000000000028','0004','RADIO_BUTTON',null,null);
Insert into IDETSU.QUESTION (QUESTIONID,TESTID,THEMEID,QUESTIONTYPE,TEXT,COMMENTARYTEXT) values ('00000000000000000109','00000000000000000028','0005','CHECK_BOX',null,null);
Insert into IDETSU.QUESTION (QUESTIONID,TESTID,THEMEID,QUESTIONTYPE,TEXT,COMMENTARYTEXT) values ('00000000000000000110','00000000000000000028','0004','RADIO_BUTTON',null,null);
Insert into IDETSU.QUESTION (QUESTIONID,TESTID,THEMEID,QUESTIONTYPE,TEXT,COMMENTARYTEXT) values ('00000000000000000111','00000000000000000028','0004','RADIO_BUTTON',null,null);
Insert into IDETSU.QUESTION (QUESTIONID,TESTID,THEMEID,QUESTIONTYPE,TEXT,COMMENTARYTEXT) values ('00000000000000000112','00000000000000000028','0005','CHECK_BOX',null,null);
Insert into IDETSU.QUESTION (QUESTIONID,TESTID,THEMEID,QUESTIONTYPE,TEXT,COMMENTARYTEXT) values ('00000000000000000113','00000000000000000028','0004','RADIO_BUTTON',null,null);
Insert into IDETSU.QUESTION (QUESTIONID,TESTID,THEMEID,QUESTIONTYPE,TEXT,COMMENTARYTEXT) values ('00000000000000000114','00000000000000000028','0005','RADIO_BUTTON',null,null);
Insert into IDETSU.QUESTION (QUESTIONID,TESTID,THEMEID,QUESTIONTYPE,TEXT,COMMENTARYTEXT) values ('00000000000000000115','00000000000000000028','0005','RADIO_BUTTON',null,'s');
Insert into IDETSU.QUESTION (QUESTIONID,TESTID,THEMEID,QUESTIONTYPE,TEXT,COMMENTARYTEXT) values ('00000000000000000116','00000000000000000028','0004','RADIO_BUTTON',null,null);
Insert into IDETSU.QUESTION (QUESTIONID,TESTID,THEMEID,QUESTIONTYPE,TEXT,COMMENTARYTEXT) values ('00000000000000000117','00000000000000000028','0005','RADIO_BUTTON',null,null);
Insert into IDETSU.QUESTION (QUESTIONID,TESTID,THEMEID,QUESTIONTYPE,TEXT,COMMENTARYTEXT) values ('00000000000000000118','00000000000000000028','0005','CHECK_BOX',null,'s');
Insert into IDETSU.QUESTION (QUESTIONID,TESTID,THEMEID,QUESTIONTYPE,TEXT,COMMENTARYTEXT) values ('00000000000000000119','00000000000000000028','0004','RADIO_BUTTON',null,null);
Insert into IDETSU.QUESTION (QUESTIONID,TESTID,THEMEID,QUESTIONTYPE,TEXT,COMMENTARYTEXT) values ('00000000000000000120','00000000000000000028','0005','RADIO_BUTTON',null,null);
Insert into IDETSU.QUESTION (QUESTIONID,TESTID,THEMEID,QUESTIONTYPE,TEXT,COMMENTARYTEXT) values ('00000000000000000121','00000000000000000028','0005','CHECK_BOX','????????????','s');
Insert into IDETSU.QUESTION (QUESTIONID,TESTID,THEMEID,QUESTIONTYPE,TEXT,COMMENTARYTEXT) values ('00000000000000000122','00000000000000000028','0004','RADIO_BUTTON',null,null);
Insert into IDETSU.QUESTION (QUESTIONID,TESTID,THEMEID,QUESTIONTYPE,TEXT,COMMENTARYTEXT) values ('00000000000000000123','00000000000000000028','0005','RADIO_BUTTON',null,null);
Insert into IDETSU.QUESTION (QUESTIONID,TESTID,THEMEID,QUESTIONTYPE,TEXT,COMMENTARYTEXT) values ('00000000000000000133','00000000000000000030','0004','CHECK_BOX','null','null');
Insert into IDETSU.QUESTION (QUESTIONID,TESTID,THEMEID,QUESTIONTYPE,TEXT,COMMENTARYTEXT) values ('00000000000000000134','00000000000000000030','0004','RADIO_BUTTON','null','null');
Insert into IDETSU.QUESTION (QUESTIONID,TESTID,THEMEID,QUESTIONTYPE,TEXT,COMMENTARYTEXT) values ('00000000000000000135','00000000000000000030','0004','RADIO_BUTTON','null','null');
Insert into IDETSU.QUESTION (QUESTIONID,TESTID,THEMEID,QUESTIONTYPE,TEXT,COMMENTARYTEXT) values ('00000000000000000136','00000000000000000030','0005','CHECK_BOX','null','null');
Insert into IDETSU.QUESTION (QUESTIONID,TESTID,THEMEID,QUESTIONTYPE,TEXT,COMMENTARYTEXT) values ('00000000000000000137','00000000000000000030','0004','RADIO_BUTTON','null','null');
Insert into IDETSU.QUESTION (QUESTIONID,TESTID,THEMEID,QUESTIONTYPE,TEXT,COMMENTARYTEXT) values ('00000000000000000138','00000000000000000030','0004','RADIO_BUTTON','null','null');
Insert into IDETSU.QUESTION (QUESTIONID,TESTID,THEMEID,QUESTIONTYPE,TEXT,COMMENTARYTEXT) values ('00000000000000000139','00000000000000000030','0005','TEXT','null','null');
Insert into IDETSU.QUESTION (QUESTIONID,TESTID,THEMEID,QUESTIONTYPE,TEXT,COMMENTARYTEXT) values ('00000000000000000140','00000000000000000030','0004','RADIO_BUTTON','null','null');
Insert into IDETSU.QUESTION (QUESTIONID,TESTID,THEMEID,QUESTIONTYPE,TEXT,COMMENTARYTEXT) values ('00000000000000000141','00000000000000000030','0004','RADIO_BUTTON','null','null');
Insert into IDETSU.QUESTION (QUESTIONID,TESTID,THEMEID,QUESTIONTYPE,TEXT,COMMENTARYTEXT) values ('00000000000000000142','00000000000000000030','0005','CHECK_BOX','null','null');
Insert into IDETSU.QUESTION (QUESTIONID,TESTID,THEMEID,QUESTIONTYPE,TEXT,COMMENTARYTEXT) values ('00000000000000000143','00000000000000000030','0004','RADIO_BUTTON','null','null');
Insert into IDETSU.QUESTION (QUESTIONID,TESTID,THEMEID,QUESTIONTYPE,TEXT,COMMENTARYTEXT) values ('00000000000000000144','00000000000000000030','0004','RADIO_BUTTON','null','null');
Insert into IDETSU.QUESTION (QUESTIONID,TESTID,THEMEID,QUESTIONTYPE,TEXT,COMMENTARYTEXT) values ('00000000000000000145','00000000000000000030','0005','CHECK_BOX','null','null');
Insert into IDETSU.QUESTION (QUESTIONID,TESTID,THEMEID,QUESTIONTYPE,TEXT,COMMENTARYTEXT) values ('00000000000000000146','00000000000000000030','0004','RADIO_BUTTON','null','null');
Insert into IDETSU.QUESTION (QUESTIONID,TESTID,THEMEID,QUESTIONTYPE,TEXT,COMMENTARYTEXT) values ('00000000000000000147','00000000000000000030','0004','RADIO_BUTTON','null','null');
Insert into IDETSU.QUESTION (QUESTIONID,TESTID,THEMEID,QUESTIONTYPE,TEXT,COMMENTARYTEXT) values ('0061','0021','0013',null,'a',null);
Insert into IDETSU.QUESTION (QUESTIONID,TESTID,THEMEID,QUESTIONTYPE,TEXT,COMMENTARYTEXT) values ('0062','0021','0014',null,'b',null);
Insert into IDETSU.QUESTION (QUESTIONID,TESTID,THEMEID,QUESTIONTYPE,TEXT,COMMENTARYTEXT) values ('0063','0021','0015',null,'c',null);
Insert into IDETSU.QUESTION (QUESTIONID,TESTID,THEMEID,QUESTIONTYPE,TEXT,COMMENTARYTEXT) values ('0064','0022','0013',null,'d',null);
Insert into IDETSU.QUESTION (QUESTIONID,TESTID,THEMEID,QUESTIONTYPE,TEXT,COMMENTARYTEXT) values ('0065','0022','0014',null,'f',null);
Insert into IDETSU.QUESTION (QUESTIONID,TESTID,THEMEID,QUESTIONTYPE,TEXT,COMMENTARYTEXT) values ('0066','0022','0015',null,'g',null);
Insert into IDETSU.QUESTION (QUESTIONID,TESTID,THEMEID,QUESTIONTYPE,TEXT,COMMENTARYTEXT) values ('0067','0023','0013',null,'h',null);
Insert into IDETSU.QUESTION (QUESTIONID,TESTID,THEMEID,QUESTIONTYPE,TEXT,COMMENTARYTEXT) values ('0068','0023','0014',null,'i',null);
Insert into IDETSU.QUESTION (QUESTIONID,TESTID,THEMEID,QUESTIONTYPE,TEXT,COMMENTARYTEXT) values ('0069','0023','0015',null,'j',null);
Insert into IDETSU.QUESTION (QUESTIONID,TESTID,THEMEID,QUESTIONTYPE,TEXT,COMMENTARYTEXT) values ('0070','0024','0013',null,'k',null);
Insert into IDETSU.QUESTION (QUESTIONID,TESTID,THEMEID,QUESTIONTYPE,TEXT,COMMENTARYTEXT) values ('0071','0024','0014',null,'l',null);
Insert into IDETSU.QUESTION (QUESTIONID,TESTID,THEMEID,QUESTIONTYPE,TEXT,COMMENTARYTEXT) values ('0072','0024','0015',null,'m',null);
Insert into IDETSU.QUESTION (QUESTIONID,TESTID,THEMEID,QUESTIONTYPE,TEXT,COMMENTARYTEXT) values ('0073','0025','0013',null,'a',null);
Insert into IDETSU.QUESTION (QUESTIONID,TESTID,THEMEID,QUESTIONTYPE,TEXT,COMMENTARYTEXT) values ('0074','0025','0014',null,'b',null);
Insert into IDETSU.QUESTION (QUESTIONID,TESTID,THEMEID,QUESTIONTYPE,TEXT,COMMENTARYTEXT) values ('0075','0025','0015',null,'c',null);
Insert into IDETSU.QUESTION (QUESTIONID,TESTID,THEMEID,QUESTIONTYPE,TEXT,COMMENTARYTEXT) values ('0076','0026','0016',null,'d',null);
Insert into IDETSU.QUESTION (QUESTIONID,TESTID,THEMEID,QUESTIONTYPE,TEXT,COMMENTARYTEXT) values ('0077','0026','0017',null,'f',null);
Insert into IDETSU.QUESTION (QUESTIONID,TESTID,THEMEID,QUESTIONTYPE,TEXT,COMMENTARYTEXT) values ('0078','0026','0018',null,'g',null);
Insert into IDETSU.QUESTION (QUESTIONID,TESTID,THEMEID,QUESTIONTYPE,TEXT,COMMENTARYTEXT) values ('0079','0027','0016',null,'h',null);
Insert into IDETSU.QUESTION (QUESTIONID,TESTID,THEMEID,QUESTIONTYPE,TEXT,COMMENTARYTEXT) values ('0080','0027','0017',null,'i',null);
Insert into IDETSU.QUESTION (QUESTIONID,TESTID,THEMEID,QUESTIONTYPE,TEXT,COMMENTARYTEXT) values ('0081','0027','0018',null,'j',null);
Insert into IDETSU.QUESTION (QUESTIONID,TESTID,THEMEID,QUESTIONTYPE,TEXT,COMMENTARYTEXT) values ('0082','0028','0016',null,'k',null);
Insert into IDETSU.QUESTION (QUESTIONID,TESTID,THEMEID,QUESTIONTYPE,TEXT,COMMENTARYTEXT) values ('0083','0028','0017',null,'l',null);
Insert into IDETSU.QUESTION (QUESTIONID,TESTID,THEMEID,QUESTIONTYPE,TEXT,COMMENTARYTEXT) values ('0084','0028','0018',null,'m',null);
Insert into IDETSU.QUESTION (QUESTIONID,TESTID,THEMEID,QUESTIONTYPE,TEXT,COMMENTARYTEXT) values ('0085','0029','0016',null,'a',null);
Insert into IDETSU.QUESTION (QUESTIONID,TESTID,THEMEID,QUESTIONTYPE,TEXT,COMMENTARYTEXT) values ('0086','0029','0017',null,'b',null);
Insert into IDETSU.QUESTION (QUESTIONID,TESTID,THEMEID,QUESTIONTYPE,TEXT,COMMENTARYTEXT) values ('0087','0029','0018',null,'c',null);
Insert into IDETSU.QUESTION (QUESTIONID,TESTID,THEMEID,QUESTIONTYPE,TEXT,COMMENTARYTEXT) values ('0088','0030','0016',null,'d',null);
Insert into IDETSU.QUESTION (QUESTIONID,TESTID,THEMEID,QUESTIONTYPE,TEXT,COMMENTARYTEXT) values ('0089','0030','0017',null,'f',null);
Insert into IDETSU.QUESTION (QUESTIONID,TESTID,THEMEID,QUESTIONTYPE,TEXT,COMMENTARYTEXT) values ('0090','0030','0018',null,'g',null);
Insert into IDETSU.QUESTION (QUESTIONID,TESTID,THEMEID,QUESTIONTYPE,TEXT,COMMENTARYTEXT) values ('0091','0031','0019',null,'h',null);
Insert into IDETSU.QUESTION (QUESTIONID,TESTID,THEMEID,QUESTIONTYPE,TEXT,COMMENTARYTEXT) values ('0092','0031','0020',null,'i',null);
Insert into IDETSU.QUESTION (QUESTIONID,TESTID,THEMEID,QUESTIONTYPE,TEXT,COMMENTARYTEXT) values ('0093','0031','0021',null,'j',null);
Insert into IDETSU.QUESTION (QUESTIONID,TESTID,THEMEID,QUESTIONTYPE,TEXT,COMMENTARYTEXT) values ('0094','0032','0019',null,'k',null);
Insert into IDETSU.QUESTION (QUESTIONID,TESTID,THEMEID,QUESTIONTYPE,TEXT,COMMENTARYTEXT) values ('0095','0032','0020',null,'l',null);
Insert into IDETSU.QUESTION (QUESTIONID,TESTID,THEMEID,QUESTIONTYPE,TEXT,COMMENTARYTEXT) values ('0096','0032','0021',null,'m',null);
Insert into IDETSU.QUESTION (QUESTIONID,TESTID,THEMEID,QUESTIONTYPE,TEXT,COMMENTARYTEXT) values ('0097','0033','0019',null,'a',null);
Insert into IDETSU.QUESTION (QUESTIONID,TESTID,THEMEID,QUESTIONTYPE,TEXT,COMMENTARYTEXT) values ('0098','0033','0020',null,'b',null);
Insert into IDETSU.QUESTION (QUESTIONID,TESTID,THEMEID,QUESTIONTYPE,TEXT,COMMENTARYTEXT) values ('0099','0033','0021',null,'c',null);
Insert into IDETSU.QUESTION (QUESTIONID,TESTID,THEMEID,QUESTIONTYPE,TEXT,COMMENTARYTEXT) values ('0100','0034','0019',null,'d',null);
Insert into IDETSU.QUESTION (QUESTIONID,TESTID,THEMEID,QUESTIONTYPE,TEXT,COMMENTARYTEXT) values ('0101','0034','0020',null,'f',null);
Insert into IDETSU.QUESTION (QUESTIONID,TESTID,THEMEID,QUESTIONTYPE,TEXT,COMMENTARYTEXT) values ('0102','0034','0021',null,'g',null);
Insert into IDETSU.QUESTION (QUESTIONID,TESTID,THEMEID,QUESTIONTYPE,TEXT,COMMENTARYTEXT) values ('0103','0035','0019',null,'h',null);
Insert into IDETSU.QUESTION (QUESTIONID,TESTID,THEMEID,QUESTIONTYPE,TEXT,COMMENTARYTEXT) values ('0104','0035','0020',null,'i',null);
Insert into IDETSU.QUESTION (QUESTIONID,TESTID,THEMEID,QUESTIONTYPE,TEXT,COMMENTARYTEXT) values ('0105','0035','0021',null,'j',null);
Insert into IDETSU.QUESTION (QUESTIONID,TESTID,THEMEID,QUESTIONTYPE,TEXT,COMMENTARYTEXT) values ('0106','0036','0022',null,'k',null);
Insert into IDETSU.QUESTION (QUESTIONID,TESTID,THEMEID,QUESTIONTYPE,TEXT,COMMENTARYTEXT) values ('0107','0036','0023',null,'l',null);
Insert into IDETSU.QUESTION (QUESTIONID,TESTID,THEMEID,QUESTIONTYPE,TEXT,COMMENTARYTEXT) values ('0108','0036','0024',null,'m',null);
Insert into IDETSU.QUESTION (QUESTIONID,TESTID,THEMEID,QUESTIONTYPE,TEXT,COMMENTARYTEXT) values ('0109','0037','0022',null,'a',null);
Insert into IDETSU.QUESTION (QUESTIONID,TESTID,THEMEID,QUESTIONTYPE,TEXT,COMMENTARYTEXT) values ('0110','0037','0023',null,'b',null);
Insert into IDETSU.QUESTION (QUESTIONID,TESTID,THEMEID,QUESTIONTYPE,TEXT,COMMENTARYTEXT) values ('0111','0037','0024',null,'c',null);
Insert into IDETSU.QUESTION (QUESTIONID,TESTID,THEMEID,QUESTIONTYPE,TEXT,COMMENTARYTEXT) values ('0112','0038','0022',null,'d',null);
Insert into IDETSU.QUESTION (QUESTIONID,TESTID,THEMEID,QUESTIONTYPE,TEXT,COMMENTARYTEXT) values ('0113','0038','0023',null,'f',null);
Insert into IDETSU.QUESTION (QUESTIONID,TESTID,THEMEID,QUESTIONTYPE,TEXT,COMMENTARYTEXT) values ('0114','0038','0024',null,'g',null);
Insert into IDETSU.QUESTION (QUESTIONID,TESTID,THEMEID,QUESTIONTYPE,TEXT,COMMENTARYTEXT) values ('0115','0039','0022',null,'h',null);
Insert into IDETSU.QUESTION (QUESTIONID,TESTID,THEMEID,QUESTIONTYPE,TEXT,COMMENTARYTEXT) values ('0116','0039','0023',null,'i',null);
Insert into IDETSU.QUESTION (QUESTIONID,TESTID,THEMEID,QUESTIONTYPE,TEXT,COMMENTARYTEXT) values ('0117','0039','0024',null,'j',null);
Insert into IDETSU.QUESTION (QUESTIONID,TESTID,THEMEID,QUESTIONTYPE,TEXT,COMMENTARYTEXT) values ('0118','0040','0022',null,'k',null);
Insert into IDETSU.QUESTION (QUESTIONID,TESTID,THEMEID,QUESTIONTYPE,TEXT,COMMENTARYTEXT) values ('0119','0040','0023',null,'l',null);
Insert into IDETSU.QUESTION (QUESTIONID,TESTID,THEMEID,QUESTIONTYPE,TEXT,COMMENTARYTEXT) values ('0120','0040','0024',null,'m',null);
Insert into IDETSU.QUESTION (QUESTIONID,TESTID,THEMEID,QUESTIONTYPE,TEXT,COMMENTARYTEXT) values ('0121','0041','0025',null,'a',null);
Insert into IDETSU.QUESTION (QUESTIONID,TESTID,THEMEID,QUESTIONTYPE,TEXT,COMMENTARYTEXT) values ('0122','0041','0026',null,'b',null);
Insert into IDETSU.QUESTION (QUESTIONID,TESTID,THEMEID,QUESTIONTYPE,TEXT,COMMENTARYTEXT) values ('0123','0041','0027',null,'c',null);
Insert into IDETSU.QUESTION (QUESTIONID,TESTID,THEMEID,QUESTIONTYPE,TEXT,COMMENTARYTEXT) values ('0124','0042','0025',null,'d',null);
Insert into IDETSU.QUESTION (QUESTIONID,TESTID,THEMEID,QUESTIONTYPE,TEXT,COMMENTARYTEXT) values ('0125','0042','0026',null,'f',null);
Insert into IDETSU.QUESTION (QUESTIONID,TESTID,THEMEID,QUESTIONTYPE,TEXT,COMMENTARYTEXT) values ('0126','0042','0027',null,'g',null);
Insert into IDETSU.QUESTION (QUESTIONID,TESTID,THEMEID,QUESTIONTYPE,TEXT,COMMENTARYTEXT) values ('0127','0043','0025',null,'h',null);
Insert into IDETSU.QUESTION (QUESTIONID,TESTID,THEMEID,QUESTIONTYPE,TEXT,COMMENTARYTEXT) values ('0128','0043','0026',null,'i',null);
Insert into IDETSU.QUESTION (QUESTIONID,TESTID,THEMEID,QUESTIONTYPE,TEXT,COMMENTARYTEXT) values ('0129','0043','0027',null,'j',null);
Insert into IDETSU.QUESTION (QUESTIONID,TESTID,THEMEID,QUESTIONTYPE,TEXT,COMMENTARYTEXT) values ('0130','0044','0025',null,'k',null);
Insert into IDETSU.QUESTION (QUESTIONID,TESTID,THEMEID,QUESTIONTYPE,TEXT,COMMENTARYTEXT) values ('0131','0044','0026',null,'l',null);
Insert into IDETSU.QUESTION (QUESTIONID,TESTID,THEMEID,QUESTIONTYPE,TEXT,COMMENTARYTEXT) values ('0132','0044','0027',null,'m',null);
Insert into IDETSU.QUESTION (QUESTIONID,TESTID,THEMEID,QUESTIONTYPE,TEXT,COMMENTARYTEXT) values ('0133','0045','0025',null,'a',null);
Insert into IDETSU.QUESTION (QUESTIONID,TESTID,THEMEID,QUESTIONTYPE,TEXT,COMMENTARYTEXT) values ('0134','0045','0026',null,'b',null);
Insert into IDETSU.QUESTION (QUESTIONID,TESTID,THEMEID,QUESTIONTYPE,TEXT,COMMENTARYTEXT) values ('0135','0045','0027',null,'c',null);
Insert into IDETSU.QUESTION (QUESTIONID,TESTID,THEMEID,QUESTIONTYPE,TEXT,COMMENTARYTEXT) values ('0136','0046','0028',null,'d',null);
Insert into IDETSU.QUESTION (QUESTIONID,TESTID,THEMEID,QUESTIONTYPE,TEXT,COMMENTARYTEXT) values ('0137','0046','0029',null,'f',null);
Insert into IDETSU.QUESTION (QUESTIONID,TESTID,THEMEID,QUESTIONTYPE,TEXT,COMMENTARYTEXT) values ('0138','0046','0030',null,'g',null);
Insert into IDETSU.QUESTION (QUESTIONID,TESTID,THEMEID,QUESTIONTYPE,TEXT,COMMENTARYTEXT) values ('0139','0047','0028',null,'h',null);
Insert into IDETSU.QUESTION (QUESTIONID,TESTID,THEMEID,QUESTIONTYPE,TEXT,COMMENTARYTEXT) values ('0140','0047','0029',null,'i',null);
Insert into IDETSU.QUESTION (QUESTIONID,TESTID,THEMEID,QUESTIONTYPE,TEXT,COMMENTARYTEXT) values ('0141','0047','0030',null,'j',null);
Insert into IDETSU.QUESTION (QUESTIONID,TESTID,THEMEID,QUESTIONTYPE,TEXT,COMMENTARYTEXT) values ('0142','0048','0028',null,'k',null);
Insert into IDETSU.QUESTION (QUESTIONID,TESTID,THEMEID,QUESTIONTYPE,TEXT,COMMENTARYTEXT) values ('0143','0048','0029',null,'l',null);
Insert into IDETSU.QUESTION (QUESTIONID,TESTID,THEMEID,QUESTIONTYPE,TEXT,COMMENTARYTEXT) values ('0144','0048','0030',null,'m',null);
Insert into IDETSU.QUESTION (QUESTIONID,TESTID,THEMEID,QUESTIONTYPE,TEXT,COMMENTARYTEXT) values ('0145','0049','0028',null,'a',null);
Insert into IDETSU.QUESTION (QUESTIONID,TESTID,THEMEID,QUESTIONTYPE,TEXT,COMMENTARYTEXT) values ('0146','0049','0029',null,'b',null);
Insert into IDETSU.QUESTION (QUESTIONID,TESTID,THEMEID,QUESTIONTYPE,TEXT,COMMENTARYTEXT) values ('0147','0049','0030',null,'c',null);
Insert into IDETSU.QUESTION (QUESTIONID,TESTID,THEMEID,QUESTIONTYPE,TEXT,COMMENTARYTEXT) values ('0148','0050','0028',null,'d',null);
Insert into IDETSU.QUESTION (QUESTIONID,TESTID,THEMEID,QUESTIONTYPE,TEXT,COMMENTARYTEXT) values ('0149','0050','0029',null,'f',null);
Insert into IDETSU.QUESTION (QUESTIONID,TESTID,THEMEID,QUESTIONTYPE,TEXT,COMMENTARYTEXT) values ('0150','0050','0030',null,'g',null);
Insert into IDETSU.QUESTION (QUESTIONID,TESTID,THEMEID,QUESTIONTYPE,TEXT,COMMENTARYTEXT) values ('0151','0051','0031',null,'h',null);
Insert into IDETSU.QUESTION (QUESTIONID,TESTID,THEMEID,QUESTIONTYPE,TEXT,COMMENTARYTEXT) values ('0152','0051','0032',null,'i',null);
Insert into IDETSU.QUESTION (QUESTIONID,TESTID,THEMEID,QUESTIONTYPE,TEXT,COMMENTARYTEXT) values ('0153','0051','0033',null,'j',null);
Insert into IDETSU.QUESTION (QUESTIONID,TESTID,THEMEID,QUESTIONTYPE,TEXT,COMMENTARYTEXT) values ('0154','0052','0031',null,'k',null);
Insert into IDETSU.QUESTION (QUESTIONID,TESTID,THEMEID,QUESTIONTYPE,TEXT,COMMENTARYTEXT) values ('0155','0052','0032',null,'l',null);
Insert into IDETSU.QUESTION (QUESTIONID,TESTID,THEMEID,QUESTIONTYPE,TEXT,COMMENTARYTEXT) values ('0156','0052','0033',null,'m',null);
Insert into IDETSU.QUESTION (QUESTIONID,TESTID,THEMEID,QUESTIONTYPE,TEXT,COMMENTARYTEXT) values ('0157','0053','0031',null,'a',null);
Insert into IDETSU.QUESTION (QUESTIONID,TESTID,THEMEID,QUESTIONTYPE,TEXT,COMMENTARYTEXT) values ('0158','0053','0032',null,'b',null);
Insert into IDETSU.QUESTION (QUESTIONID,TESTID,THEMEID,QUESTIONTYPE,TEXT,COMMENTARYTEXT) values ('0159','0053','0033',null,'c',null);
Insert into IDETSU.QUESTION (QUESTIONID,TESTID,THEMEID,QUESTIONTYPE,TEXT,COMMENTARYTEXT) values ('0160','0054','0031',null,'d',null);
Insert into IDETSU.QUESTION (QUESTIONID,TESTID,THEMEID,QUESTIONTYPE,TEXT,COMMENTARYTEXT) values ('0161','0054','0032',null,'f',null);
Insert into IDETSU.QUESTION (QUESTIONID,TESTID,THEMEID,QUESTIONTYPE,TEXT,COMMENTARYTEXT) values ('0162','0054','0033',null,'g',null);
Insert into IDETSU.QUESTION (QUESTIONID,TESTID,THEMEID,QUESTIONTYPE,TEXT,COMMENTARYTEXT) values ('0163','0055','0031',null,'h',null);
Insert into IDETSU.QUESTION (QUESTIONID,TESTID,THEMEID,QUESTIONTYPE,TEXT,COMMENTARYTEXT) values ('0164','0055','0032',null,'i',null);
Insert into IDETSU.QUESTION (QUESTIONID,TESTID,THEMEID,QUESTIONTYPE,TEXT,COMMENTARYTEXT) values ('0165','0055','0033',null,'j',null);
Insert into IDETSU.QUESTION (QUESTIONID,TESTID,THEMEID,QUESTIONTYPE,TEXT,COMMENTARYTEXT) values ('0166','0056','0034',null,'k',null);
Insert into IDETSU.QUESTION (QUESTIONID,TESTID,THEMEID,QUESTIONTYPE,TEXT,COMMENTARYTEXT) values ('0167','0056','0035',null,'l',null);
Insert into IDETSU.QUESTION (QUESTIONID,TESTID,THEMEID,QUESTIONTYPE,TEXT,COMMENTARYTEXT) values ('0168','0056','0036',null,'m',null);
Insert into IDETSU.QUESTION (QUESTIONID,TESTID,THEMEID,QUESTIONTYPE,TEXT,COMMENTARYTEXT) values ('0169','0057','0034',null,'a',null);
Insert into IDETSU.QUESTION (QUESTIONID,TESTID,THEMEID,QUESTIONTYPE,TEXT,COMMENTARYTEXT) values ('0170','0057','0035',null,'b',null);
Insert into IDETSU.QUESTION (QUESTIONID,TESTID,THEMEID,QUESTIONTYPE,TEXT,COMMENTARYTEXT) values ('0171','0057','0036',null,'c',null);
Insert into IDETSU.QUESTION (QUESTIONID,TESTID,THEMEID,QUESTIONTYPE,TEXT,COMMENTARYTEXT) values ('0172','0058','0034',null,'d',null);
Insert into IDETSU.QUESTION (QUESTIONID,TESTID,THEMEID,QUESTIONTYPE,TEXT,COMMENTARYTEXT) values ('0173','0058','0035',null,'f',null);
Insert into IDETSU.QUESTION (QUESTIONID,TESTID,THEMEID,QUESTIONTYPE,TEXT,COMMENTARYTEXT) values ('0174','0058','0036',null,'g',null);
Insert into IDETSU.QUESTION (QUESTIONID,TESTID,THEMEID,QUESTIONTYPE,TEXT,COMMENTARYTEXT) values ('0175','0059','0034',null,'h',null);
Insert into IDETSU.QUESTION (QUESTIONID,TESTID,THEMEID,QUESTIONTYPE,TEXT,COMMENTARYTEXT) values ('0176','0059','0035',null,'i',null);
Insert into IDETSU.QUESTION (QUESTIONID,TESTID,THEMEID,QUESTIONTYPE,TEXT,COMMENTARYTEXT) values ('0177','0059','0036',null,'j',null);
Insert into IDETSU.QUESTION (QUESTIONID,TESTID,THEMEID,QUESTIONTYPE,TEXT,COMMENTARYTEXT) values ('0178','0060','0034',null,'k',null);
Insert into IDETSU.QUESTION (QUESTIONID,TESTID,THEMEID,QUESTIONTYPE,TEXT,COMMENTARYTEXT) values ('0179','0060','0035',null,'l',null);
Insert into IDETSU.QUESTION (QUESTIONID,TESTID,THEMEID,QUESTIONTYPE,TEXT,COMMENTARYTEXT) values ('0180','0060','0036',null,'m',null);
Insert into IDETSU.QUESTION (QUESTIONID,TESTID,THEMEID,QUESTIONTYPE,TEXT,COMMENTARYTEXT) values ('0181','0061','0037',null,'a',null);
Insert into IDETSU.QUESTION (QUESTIONID,TESTID,THEMEID,QUESTIONTYPE,TEXT,COMMENTARYTEXT) values ('0182','0061','0038',null,'b',null);
Insert into IDETSU.QUESTION (QUESTIONID,TESTID,THEMEID,QUESTIONTYPE,TEXT,COMMENTARYTEXT) values ('0183','0061','0039',null,'c',null);
Insert into IDETSU.QUESTION (QUESTIONID,TESTID,THEMEID,QUESTIONTYPE,TEXT,COMMENTARYTEXT) values ('0184','0062','0037',null,'d',null);
Insert into IDETSU.QUESTION (QUESTIONID,TESTID,THEMEID,QUESTIONTYPE,TEXT,COMMENTARYTEXT) values ('0185','0062','0038',null,'f',null);
Insert into IDETSU.QUESTION (QUESTIONID,TESTID,THEMEID,QUESTIONTYPE,TEXT,COMMENTARYTEXT) values ('0186','0062','0039',null,'g',null);
Insert into IDETSU.QUESTION (QUESTIONID,TESTID,THEMEID,QUESTIONTYPE,TEXT,COMMENTARYTEXT) values ('0187','0063','0037',null,'h',null);
Insert into IDETSU.QUESTION (QUESTIONID,TESTID,THEMEID,QUESTIONTYPE,TEXT,COMMENTARYTEXT) values ('0188','0063','0038',null,'i',null);
Insert into IDETSU.QUESTION (QUESTIONID,TESTID,THEMEID,QUESTIONTYPE,TEXT,COMMENTARYTEXT) values ('0189','0063','0039',null,'j',null);
Insert into IDETSU.QUESTION (QUESTIONID,TESTID,THEMEID,QUESTIONTYPE,TEXT,COMMENTARYTEXT) values ('0190','0064','0037',null,'k',null);
Insert into IDETSU.QUESTION (QUESTIONID,TESTID,THEMEID,QUESTIONTYPE,TEXT,COMMENTARYTEXT) values ('0191','0064','0038',null,'l',null);
Insert into IDETSU.QUESTION (QUESTIONID,TESTID,THEMEID,QUESTIONTYPE,TEXT,COMMENTARYTEXT) values ('0192','0064','0039',null,'m',null);
Insert into IDETSU.QUESTION (QUESTIONID,TESTID,THEMEID,QUESTIONTYPE,TEXT,COMMENTARYTEXT) values ('0193','0065','0037',null,'a',null);
Insert into IDETSU.QUESTION (QUESTIONID,TESTID,THEMEID,QUESTIONTYPE,TEXT,COMMENTARYTEXT) values ('0194','0065','0038',null,'b',null);
Insert into IDETSU.QUESTION (QUESTIONID,TESTID,THEMEID,QUESTIONTYPE,TEXT,COMMENTARYTEXT) values ('0195','0065','0039',null,'c',null);
Insert into IDETSU.QUESTION (QUESTIONID,TESTID,THEMEID,QUESTIONTYPE,TEXT,COMMENTARYTEXT) values ('0196','0066','0040',null,'d',null);
Insert into IDETSU.QUESTION (QUESTIONID,TESTID,THEMEID,QUESTIONTYPE,TEXT,COMMENTARYTEXT) values ('0197','0066','0041',null,'f',null);
Insert into IDETSU.QUESTION (QUESTIONID,TESTID,THEMEID,QUESTIONTYPE,TEXT,COMMENTARYTEXT) values ('0198','0066','0042',null,'g',null);
Insert into IDETSU.QUESTION (QUESTIONID,TESTID,THEMEID,QUESTIONTYPE,TEXT,COMMENTARYTEXT) values ('0199','0067','0040',null,'h',null);
Insert into IDETSU.QUESTION (QUESTIONID,TESTID,THEMEID,QUESTIONTYPE,TEXT,COMMENTARYTEXT) values ('0200','0067','0041',null,'i',null);
Insert into IDETSU.QUESTION (QUESTIONID,TESTID,THEMEID,QUESTIONTYPE,TEXT,COMMENTARYTEXT) values ('0201','0067','0042',null,'j',null);
Insert into IDETSU.QUESTION (QUESTIONID,TESTID,THEMEID,QUESTIONTYPE,TEXT,COMMENTARYTEXT) values ('0202','0068','0040',null,'k',null);
Insert into IDETSU.QUESTION (QUESTIONID,TESTID,THEMEID,QUESTIONTYPE,TEXT,COMMENTARYTEXT) values ('0203','0068','0041',null,'l',null);
Insert into IDETSU.QUESTION (QUESTIONID,TESTID,THEMEID,QUESTIONTYPE,TEXT,COMMENTARYTEXT) values ('0204','0068','0042',null,'m',null);
Insert into IDETSU.QUESTION (QUESTIONID,TESTID,THEMEID,QUESTIONTYPE,TEXT,COMMENTARYTEXT) values ('0205','0069','0040',null,'a',null);
Insert into IDETSU.QUESTION (QUESTIONID,TESTID,THEMEID,QUESTIONTYPE,TEXT,COMMENTARYTEXT) values ('0206','0069','0041',null,'b',null);
Insert into IDETSU.QUESTION (QUESTIONID,TESTID,THEMEID,QUESTIONTYPE,TEXT,COMMENTARYTEXT) values ('0207','0069','0042',null,'c',null);
Insert into IDETSU.QUESTION (QUESTIONID,TESTID,THEMEID,QUESTIONTYPE,TEXT,COMMENTARYTEXT) values ('0208','0070','0040',null,'d',null);
Insert into IDETSU.QUESTION (QUESTIONID,TESTID,THEMEID,QUESTIONTYPE,TEXT,COMMENTARYTEXT) values ('0209','0070','0041',null,'f',null);
Insert into IDETSU.QUESTION (QUESTIONID,TESTID,THEMEID,QUESTIONTYPE,TEXT,COMMENTARYTEXT) values ('0210','0070','0042',null,'g',null);
Insert into IDETSU.QUESTION (QUESTIONID,TESTID,THEMEID,QUESTIONTYPE,TEXT,COMMENTARYTEXT) values ('0211','0071','0043',null,'h',null);
Insert into IDETSU.QUESTION (QUESTIONID,TESTID,THEMEID,QUESTIONTYPE,TEXT,COMMENTARYTEXT) values ('0212','0071','0044',null,'i',null);
Insert into IDETSU.QUESTION (QUESTIONID,TESTID,THEMEID,QUESTIONTYPE,TEXT,COMMENTARYTEXT) values ('0213','0071','0045',null,'j',null);
Insert into IDETSU.QUESTION (QUESTIONID,TESTID,THEMEID,QUESTIONTYPE,TEXT,COMMENTARYTEXT) values ('0214','0072','0043',null,'k',null);
Insert into IDETSU.QUESTION (QUESTIONID,TESTID,THEMEID,QUESTIONTYPE,TEXT,COMMENTARYTEXT) values ('0215','0072','0044',null,'l',null);
Insert into IDETSU.QUESTION (QUESTIONID,TESTID,THEMEID,QUESTIONTYPE,TEXT,COMMENTARYTEXT) values ('0216','0072','0045',null,'m',null);
Insert into IDETSU.QUESTION (QUESTIONID,TESTID,THEMEID,QUESTIONTYPE,TEXT,COMMENTARYTEXT) values ('0217','0073','0043',null,'a',null);
Insert into IDETSU.QUESTION (QUESTIONID,TESTID,THEMEID,QUESTIONTYPE,TEXT,COMMENTARYTEXT) values ('0218','0073','0044',null,'b',null);
Insert into IDETSU.QUESTION (QUESTIONID,TESTID,THEMEID,QUESTIONTYPE,TEXT,COMMENTARYTEXT) values ('0219','0073','0045',null,'c',null);
Insert into IDETSU.QUESTION (QUESTIONID,TESTID,THEMEID,QUESTIONTYPE,TEXT,COMMENTARYTEXT) values ('0220','0074','0043',null,'d',null);
Insert into IDETSU.QUESTION (QUESTIONID,TESTID,THEMEID,QUESTIONTYPE,TEXT,COMMENTARYTEXT) values ('0221','0074','0044',null,'f',null);
Insert into IDETSU.QUESTION (QUESTIONID,TESTID,THEMEID,QUESTIONTYPE,TEXT,COMMENTARYTEXT) values ('0222','0074','0045',null,'g',null);
Insert into IDETSU.QUESTION (QUESTIONID,TESTID,THEMEID,QUESTIONTYPE,TEXT,COMMENTARYTEXT) values ('0223','0075','0043',null,'h',null);
Insert into IDETSU.QUESTION (QUESTIONID,TESTID,THEMEID,QUESTIONTYPE,TEXT,COMMENTARYTEXT) values ('0224','0075','0044',null,'i',null);
Insert into IDETSU.QUESTION (QUESTIONID,TESTID,THEMEID,QUESTIONTYPE,TEXT,COMMENTARYTEXT) values ('0225','0075','0045',null,'j',null);
Insert into IDETSU.QUESTION (QUESTIONID,TESTID,THEMEID,QUESTIONTYPE,TEXT,COMMENTARYTEXT) values ('0226','0076','0046',null,'k',null);
Insert into IDETSU.QUESTION (QUESTIONID,TESTID,THEMEID,QUESTIONTYPE,TEXT,COMMENTARYTEXT) values ('0227','0076','0047',null,'l',null);
Insert into IDETSU.QUESTION (QUESTIONID,TESTID,THEMEID,QUESTIONTYPE,TEXT,COMMENTARYTEXT) values ('0228','0076','0048',null,'m',null);
Insert into IDETSU.QUESTION (QUESTIONID,TESTID,THEMEID,QUESTIONTYPE,TEXT,COMMENTARYTEXT) values ('0229','0077','0046',null,'a',null);
Insert into IDETSU.QUESTION (QUESTIONID,TESTID,THEMEID,QUESTIONTYPE,TEXT,COMMENTARYTEXT) values ('0230','0077','0047',null,'b',null);
Insert into IDETSU.QUESTION (QUESTIONID,TESTID,THEMEID,QUESTIONTYPE,TEXT,COMMENTARYTEXT) values ('0231','0077','0048',null,'c',null);
Insert into IDETSU.QUESTION (QUESTIONID,TESTID,THEMEID,QUESTIONTYPE,TEXT,COMMENTARYTEXT) values ('0232','0078','0046',null,'d',null);
Insert into IDETSU.QUESTION (QUESTIONID,TESTID,THEMEID,QUESTIONTYPE,TEXT,COMMENTARYTEXT) values ('0233','0078','0047',null,'f',null);
Insert into IDETSU.QUESTION (QUESTIONID,TESTID,THEMEID,QUESTIONTYPE,TEXT,COMMENTARYTEXT) values ('0234','0078','0048',null,'g',null);
Insert into IDETSU.QUESTION (QUESTIONID,TESTID,THEMEID,QUESTIONTYPE,TEXT,COMMENTARYTEXT) values ('0235','0079','0046',null,'h',null);
Insert into IDETSU.QUESTION (QUESTIONID,TESTID,THEMEID,QUESTIONTYPE,TEXT,COMMENTARYTEXT) values ('0236','0079','0047',null,'i',null);
Insert into IDETSU.QUESTION (QUESTIONID,TESTID,THEMEID,QUESTIONTYPE,TEXT,COMMENTARYTEXT) values ('0237','0079','0048',null,'j',null);
Insert into IDETSU.QUESTION (QUESTIONID,TESTID,THEMEID,QUESTIONTYPE,TEXT,COMMENTARYTEXT) values ('0238','0080','0046',null,'k',null);
Insert into IDETSU.QUESTION (QUESTIONID,TESTID,THEMEID,QUESTIONTYPE,TEXT,COMMENTARYTEXT) values ('0239','0080','0047',null,'l',null);
Insert into IDETSU.QUESTION (QUESTIONID,TESTID,THEMEID,QUESTIONTYPE,TEXT,COMMENTARYTEXT) values ('0240','0080','0048',null,'m',null);
Insert into IDETSU.QUESTION (QUESTIONID,TESTID,THEMEID,QUESTIONTYPE,TEXT,COMMENTARYTEXT) values ('0241','0081','0049',null,'a',null);
Insert into IDETSU.QUESTION (QUESTIONID,TESTID,THEMEID,QUESTIONTYPE,TEXT,COMMENTARYTEXT) values ('0242','0081','0050',null,'b',null);
Insert into IDETSU.QUESTION (QUESTIONID,TESTID,THEMEID,QUESTIONTYPE,TEXT,COMMENTARYTEXT) values ('0243','0081','0051',null,'c',null);
Insert into IDETSU.QUESTION (QUESTIONID,TESTID,THEMEID,QUESTIONTYPE,TEXT,COMMENTARYTEXT) values ('0244','0082','0049',null,'d',null);
Insert into IDETSU.QUESTION (QUESTIONID,TESTID,THEMEID,QUESTIONTYPE,TEXT,COMMENTARYTEXT) values ('0245','0082','0050',null,'f',null);
Insert into IDETSU.QUESTION (QUESTIONID,TESTID,THEMEID,QUESTIONTYPE,TEXT,COMMENTARYTEXT) values ('0246','0082','0051',null,'g',null);
Insert into IDETSU.QUESTION (QUESTIONID,TESTID,THEMEID,QUESTIONTYPE,TEXT,COMMENTARYTEXT) values ('0247','0083','0049',null,'h',null);
Insert into IDETSU.QUESTION (QUESTIONID,TESTID,THEMEID,QUESTIONTYPE,TEXT,COMMENTARYTEXT) values ('0248','0083','0050',null,'i',null);
Insert into IDETSU.QUESTION (QUESTIONID,TESTID,THEMEID,QUESTIONTYPE,TEXT,COMMENTARYTEXT) values ('0249','0083','0051',null,'j',null);
Insert into IDETSU.QUESTION (QUESTIONID,TESTID,THEMEID,QUESTIONTYPE,TEXT,COMMENTARYTEXT) values ('0250','0084','0049',null,'k',null);
Insert into IDETSU.QUESTION (QUESTIONID,TESTID,THEMEID,QUESTIONTYPE,TEXT,COMMENTARYTEXT) values ('0251','0084','0050',null,'l',null);
Insert into IDETSU.QUESTION (QUESTIONID,TESTID,THEMEID,QUESTIONTYPE,TEXT,COMMENTARYTEXT) values ('0252','0084','0051',null,'m',null);
Insert into IDETSU.QUESTION (QUESTIONID,TESTID,THEMEID,QUESTIONTYPE,TEXT,COMMENTARYTEXT) values ('0253','0085','0049',null,'a',null);
Insert into IDETSU.QUESTION (QUESTIONID,TESTID,THEMEID,QUESTIONTYPE,TEXT,COMMENTARYTEXT) values ('0254','0085','0050',null,'b',null);
Insert into IDETSU.QUESTION (QUESTIONID,TESTID,THEMEID,QUESTIONTYPE,TEXT,COMMENTARYTEXT) values ('0255','0085','0051',null,'c',null);
Insert into IDETSU.QUESTION (QUESTIONID,TESTID,THEMEID,QUESTIONTYPE,TEXT,COMMENTARYTEXT) values ('0256','0086','0052',null,'d',null);
Insert into IDETSU.QUESTION (QUESTIONID,TESTID,THEMEID,QUESTIONTYPE,TEXT,COMMENTARYTEXT) values ('0257','0086','0053',null,'f',null);
Insert into IDETSU.QUESTION (QUESTIONID,TESTID,THEMEID,QUESTIONTYPE,TEXT,COMMENTARYTEXT) values ('0258','0086','0054',null,'g',null);
Insert into IDETSU.QUESTION (QUESTIONID,TESTID,THEMEID,QUESTIONTYPE,TEXT,COMMENTARYTEXT) values ('0259','0087','0052',null,'h',null);
Insert into IDETSU.QUESTION (QUESTIONID,TESTID,THEMEID,QUESTIONTYPE,TEXT,COMMENTARYTEXT) values ('0260','0087','0053',null,'i',null);
Insert into IDETSU.QUESTION (QUESTIONID,TESTID,THEMEID,QUESTIONTYPE,TEXT,COMMENTARYTEXT) values ('0261','0087','0054',null,'j',null);
Insert into IDETSU.QUESTION (QUESTIONID,TESTID,THEMEID,QUESTIONTYPE,TEXT,COMMENTARYTEXT) values ('0262','0088','0052',null,'k',null);
Insert into IDETSU.QUESTION (QUESTIONID,TESTID,THEMEID,QUESTIONTYPE,TEXT,COMMENTARYTEXT) values ('0263','0088','0053',null,'l',null);
Insert into IDETSU.QUESTION (QUESTIONID,TESTID,THEMEID,QUESTIONTYPE,TEXT,COMMENTARYTEXT) values ('0264','0088','0054',null,'m',null);
Insert into IDETSU.QUESTION (QUESTIONID,TESTID,THEMEID,QUESTIONTYPE,TEXT,COMMENTARYTEXT) values ('0265','0089','0052',null,'a',null);
Insert into IDETSU.QUESTION (QUESTIONID,TESTID,THEMEID,QUESTIONTYPE,TEXT,COMMENTARYTEXT) values ('0266','0089','0053',null,'b',null);
Insert into IDETSU.QUESTION (QUESTIONID,TESTID,THEMEID,QUESTIONTYPE,TEXT,COMMENTARYTEXT) values ('0267','0089','0054',null,'c',null);
Insert into IDETSU.QUESTION (QUESTIONID,TESTID,THEMEID,QUESTIONTYPE,TEXT,COMMENTARYTEXT) values ('0268','0090','0052',null,'d',null);
Insert into IDETSU.QUESTION (QUESTIONID,TESTID,THEMEID,QUESTIONTYPE,TEXT,COMMENTARYTEXT) values ('0269','0090','0053',null,'f',null);
Insert into IDETSU.QUESTION (QUESTIONID,TESTID,THEMEID,QUESTIONTYPE,TEXT,COMMENTARYTEXT) values ('0270','0090','0054',null,'g',null);
Insert into IDETSU.QUESTION (QUESTIONID,TESTID,THEMEID,QUESTIONTYPE,TEXT,COMMENTARYTEXT) values ('0271','0091','0055',null,'h',null);
Insert into IDETSU.QUESTION (QUESTIONID,TESTID,THEMEID,QUESTIONTYPE,TEXT,COMMENTARYTEXT) values ('0272','0091','0056',null,'i',null);
Insert into IDETSU.QUESTION (QUESTIONID,TESTID,THEMEID,QUESTIONTYPE,TEXT,COMMENTARYTEXT) values ('0273','0091','0057',null,'j',null);
Insert into IDETSU.QUESTION (QUESTIONID,TESTID,THEMEID,QUESTIONTYPE,TEXT,COMMENTARYTEXT) values ('0274','0092','0055',null,'k',null);
Insert into IDETSU.QUESTION (QUESTIONID,TESTID,THEMEID,QUESTIONTYPE,TEXT,COMMENTARYTEXT) values ('0275','0092','0056',null,'l',null);
Insert into IDETSU.QUESTION (QUESTIONID,TESTID,THEMEID,QUESTIONTYPE,TEXT,COMMENTARYTEXT) values ('0276','0092','0057',null,'m',null);
Insert into IDETSU.QUESTION (QUESTIONID,TESTID,THEMEID,QUESTIONTYPE,TEXT,COMMENTARYTEXT) values ('0277','0093','0055',null,'a',null);
Insert into IDETSU.QUESTION (QUESTIONID,TESTID,THEMEID,QUESTIONTYPE,TEXT,COMMENTARYTEXT) values ('0278','0093','0056',null,'b',null);
Insert into IDETSU.QUESTION (QUESTIONID,TESTID,THEMEID,QUESTIONTYPE,TEXT,COMMENTARYTEXT) values ('0279','0093','0057',null,'c',null);
Insert into IDETSU.QUESTION (QUESTIONID,TESTID,THEMEID,QUESTIONTYPE,TEXT,COMMENTARYTEXT) values ('0280','0094','0055',null,'d',null);
Insert into IDETSU.QUESTION (QUESTIONID,TESTID,THEMEID,QUESTIONTYPE,TEXT,COMMENTARYTEXT) values ('0281','0094','0056',null,'f',null);
Insert into IDETSU.QUESTION (QUESTIONID,TESTID,THEMEID,QUESTIONTYPE,TEXT,COMMENTARYTEXT) values ('0282','0094','0057',null,'g',null);
Insert into IDETSU.QUESTION (QUESTIONID,TESTID,THEMEID,QUESTIONTYPE,TEXT,COMMENTARYTEXT) values ('0283','0095','0055',null,'h',null);
Insert into IDETSU.QUESTION (QUESTIONID,TESTID,THEMEID,QUESTIONTYPE,TEXT,COMMENTARYTEXT) values ('0284','0095','0056',null,'i',null);
Insert into IDETSU.QUESTION (QUESTIONID,TESTID,THEMEID,QUESTIONTYPE,TEXT,COMMENTARYTEXT) values ('0285','0095','0057',null,'j',null);
Insert into IDETSU.QUESTION (QUESTIONID,TESTID,THEMEID,QUESTIONTYPE,TEXT,COMMENTARYTEXT) values ('0286','0096','0058',null,'k',null);
Insert into IDETSU.QUESTION (QUESTIONID,TESTID,THEMEID,QUESTIONTYPE,TEXT,COMMENTARYTEXT) values ('0287','0096','0059',null,'l',null);
Insert into IDETSU.QUESTION (QUESTIONID,TESTID,THEMEID,QUESTIONTYPE,TEXT,COMMENTARYTEXT) values ('0288','0096','0060',null,'m',null);
Insert into IDETSU.QUESTION (QUESTIONID,TESTID,THEMEID,QUESTIONTYPE,TEXT,COMMENTARYTEXT) values ('0289','0097','0058',null,'a',null);
Insert into IDETSU.QUESTION (QUESTIONID,TESTID,THEMEID,QUESTIONTYPE,TEXT,COMMENTARYTEXT) values ('0290','0097','0059',null,'b',null);
Insert into IDETSU.QUESTION (QUESTIONID,TESTID,THEMEID,QUESTIONTYPE,TEXT,COMMENTARYTEXT) values ('0291','0097','0060',null,'c',null);
Insert into IDETSU.QUESTION (QUESTIONID,TESTID,THEMEID,QUESTIONTYPE,TEXT,COMMENTARYTEXT) values ('0292','0098','0058',null,'d',null);
Insert into IDETSU.QUESTION (QUESTIONID,TESTID,THEMEID,QUESTIONTYPE,TEXT,COMMENTARYTEXT) values ('0293','0098','0059',null,'f',null);
Insert into IDETSU.QUESTION (QUESTIONID,TESTID,THEMEID,QUESTIONTYPE,TEXT,COMMENTARYTEXT) values ('0294','0098','0060',null,'g',null);
Insert into IDETSU.QUESTION (QUESTIONID,TESTID,THEMEID,QUESTIONTYPE,TEXT,COMMENTARYTEXT) values ('0295','0099','0058',null,'h',null);
Insert into IDETSU.QUESTION (QUESTIONID,TESTID,THEMEID,QUESTIONTYPE,TEXT,COMMENTARYTEXT) values ('0296','0099','0059',null,'i',null);
Insert into IDETSU.QUESTION (QUESTIONID,TESTID,THEMEID,QUESTIONTYPE,TEXT,COMMENTARYTEXT) values ('0297','0099','0060',null,'j',null);
Insert into IDETSU.QUESTION (QUESTIONID,TESTID,THEMEID,QUESTIONTYPE,TEXT,COMMENTARYTEXT) values ('0298','0100','0058',null,'k',null);
Insert into IDETSU.QUESTION (QUESTIONID,TESTID,THEMEID,QUESTIONTYPE,TEXT,COMMENTARYTEXT) values ('0299','0100','0059',null,'l',null);
Insert into IDETSU.QUESTION (QUESTIONID,TESTID,THEMEID,QUESTIONTYPE,TEXT,COMMENTARYTEXT) values ('0300','0100','0060',null,'m',null);
Insert into IDETSU.QUESTION (QUESTIONID,TESTID,THEMEID,QUESTIONTYPE,TEXT,COMMENTARYTEXT) values ('0301','0101','0061',null,'a',null);
Insert into IDETSU.QUESTION (QUESTIONID,TESTID,THEMEID,QUESTIONTYPE,TEXT,COMMENTARYTEXT) values ('0302','0101','0062',null,'b',null);
Insert into IDETSU.QUESTION (QUESTIONID,TESTID,THEMEID,QUESTIONTYPE,TEXT,COMMENTARYTEXT) values ('0303','0101','0063',null,'c',null);
Insert into IDETSU.QUESTION (QUESTIONID,TESTID,THEMEID,QUESTIONTYPE,TEXT,COMMENTARYTEXT) values ('0304','0102','0061',null,'d',null);
Insert into IDETSU.QUESTION (QUESTIONID,TESTID,THEMEID,QUESTIONTYPE,TEXT,COMMENTARYTEXT) values ('0305','0102','0062',null,'f',null);
Insert into IDETSU.QUESTION (QUESTIONID,TESTID,THEMEID,QUESTIONTYPE,TEXT,COMMENTARYTEXT) values ('0306','0102','0063',null,'g',null);
Insert into IDETSU.QUESTION (QUESTIONID,TESTID,THEMEID,QUESTIONTYPE,TEXT,COMMENTARYTEXT) values ('0307','0103','0061',null,'h',null);
Insert into IDETSU.QUESTION (QUESTIONID,TESTID,THEMEID,QUESTIONTYPE,TEXT,COMMENTARYTEXT) values ('0308','0103','0062',null,'i',null);
Insert into IDETSU.QUESTION (QUESTIONID,TESTID,THEMEID,QUESTIONTYPE,TEXT,COMMENTARYTEXT) values ('0309','0103','0063',null,'j',null);
Insert into IDETSU.QUESTION (QUESTIONID,TESTID,THEMEID,QUESTIONTYPE,TEXT,COMMENTARYTEXT) values ('0310','0104','0061',null,'k',null);
Insert into IDETSU.QUESTION (QUESTIONID,TESTID,THEMEID,QUESTIONTYPE,TEXT,COMMENTARYTEXT) values ('0311','0104','0062',null,'l',null);
Insert into IDETSU.QUESTION (QUESTIONID,TESTID,THEMEID,QUESTIONTYPE,TEXT,COMMENTARYTEXT) values ('0312','0104','0063',null,'m',null);
Insert into IDETSU.QUESTION (QUESTIONID,TESTID,THEMEID,QUESTIONTYPE,TEXT,COMMENTARYTEXT) values ('0313','0105','0061',null,'a',null);
Insert into IDETSU.QUESTION (QUESTIONID,TESTID,THEMEID,QUESTIONTYPE,TEXT,COMMENTARYTEXT) values ('0314','0105','0062',null,'b',null);
Insert into IDETSU.QUESTION (QUESTIONID,TESTID,THEMEID,QUESTIONTYPE,TEXT,COMMENTARYTEXT) values ('0315','0105','0063',null,'c',null);
Insert into IDETSU.QUESTION (QUESTIONID,TESTID,THEMEID,QUESTIONTYPE,TEXT,COMMENTARYTEXT) values ('0316','0106','0064',null,'d',null);
Insert into IDETSU.QUESTION (QUESTIONID,TESTID,THEMEID,QUESTIONTYPE,TEXT,COMMENTARYTEXT) values ('0317','0106','0065',null,'f',null);
Insert into IDETSU.QUESTION (QUESTIONID,TESTID,THEMEID,QUESTIONTYPE,TEXT,COMMENTARYTEXT) values ('0318','0106','0066',null,'g',null);
Insert into IDETSU.QUESTION (QUESTIONID,TESTID,THEMEID,QUESTIONTYPE,TEXT,COMMENTARYTEXT) values ('0319','0107','0064',null,'h',null);
Insert into IDETSU.QUESTION (QUESTIONID,TESTID,THEMEID,QUESTIONTYPE,TEXT,COMMENTARYTEXT) values ('0320','0107','0065',null,'i',null);
Insert into IDETSU.QUESTION (QUESTIONID,TESTID,THEMEID,QUESTIONTYPE,TEXT,COMMENTARYTEXT) values ('0321','0107','0066',null,'j',null);
Insert into IDETSU.QUESTION (QUESTIONID,TESTID,THEMEID,QUESTIONTYPE,TEXT,COMMENTARYTEXT) values ('0322','0108','0064',null,'k',null);
Insert into IDETSU.QUESTION (QUESTIONID,TESTID,THEMEID,QUESTIONTYPE,TEXT,COMMENTARYTEXT) values ('0323','0108','0065',null,'l',null);
Insert into IDETSU.QUESTION (QUESTIONID,TESTID,THEMEID,QUESTIONTYPE,TEXT,COMMENTARYTEXT) values ('0324','0108','0066',null,'m',null);
Insert into IDETSU.QUESTION (QUESTIONID,TESTID,THEMEID,QUESTIONTYPE,TEXT,COMMENTARYTEXT) values ('0325','0109','0064',null,'a',null);
Insert into IDETSU.QUESTION (QUESTIONID,TESTID,THEMEID,QUESTIONTYPE,TEXT,COMMENTARYTEXT) values ('0326','0109','0065',null,'b',null);
Insert into IDETSU.QUESTION (QUESTIONID,TESTID,THEMEID,QUESTIONTYPE,TEXT,COMMENTARYTEXT) values ('0327','0109','0066',null,'c',null);
Insert into IDETSU.QUESTION (QUESTIONID,TESTID,THEMEID,QUESTIONTYPE,TEXT,COMMENTARYTEXT) values ('0328','0110','0064',null,'d',null);
Insert into IDETSU.QUESTION (QUESTIONID,TESTID,THEMEID,QUESTIONTYPE,TEXT,COMMENTARYTEXT) values ('0329','0110','0065',null,'f',null);
Insert into IDETSU.QUESTION (QUESTIONID,TESTID,THEMEID,QUESTIONTYPE,TEXT,COMMENTARYTEXT) values ('0330','0110','0066',null,'g',null);
Insert into IDETSU.QUESTION (QUESTIONID,TESTID,THEMEID,QUESTIONTYPE,TEXT,COMMENTARYTEXT) values ('0331','0111','0067',null,'h',null);
Insert into IDETSU.QUESTION (QUESTIONID,TESTID,THEMEID,QUESTIONTYPE,TEXT,COMMENTARYTEXT) values ('0332','0111','0068',null,'i',null);
Insert into IDETSU.QUESTION (QUESTIONID,TESTID,THEMEID,QUESTIONTYPE,TEXT,COMMENTARYTEXT) values ('0333','0111','0069',null,'j',null);
Insert into IDETSU.QUESTION (QUESTIONID,TESTID,THEMEID,QUESTIONTYPE,TEXT,COMMENTARYTEXT) values ('0334','0112','0067',null,'k',null);
Insert into IDETSU.QUESTION (QUESTIONID,TESTID,THEMEID,QUESTIONTYPE,TEXT,COMMENTARYTEXT) values ('0335','0112','0068',null,'l',null);
Insert into IDETSU.QUESTION (QUESTIONID,TESTID,THEMEID,QUESTIONTYPE,TEXT,COMMENTARYTEXT) values ('0336','0112','0069',null,'m',null);
Insert into IDETSU.QUESTION (QUESTIONID,TESTID,THEMEID,QUESTIONTYPE,TEXT,COMMENTARYTEXT) values ('0337','0113','0067',null,'a',null);
Insert into IDETSU.QUESTION (QUESTIONID,TESTID,THEMEID,QUESTIONTYPE,TEXT,COMMENTARYTEXT) values ('0338','0113','0068',null,'b',null);
Insert into IDETSU.QUESTION (QUESTIONID,TESTID,THEMEID,QUESTIONTYPE,TEXT,COMMENTARYTEXT) values ('0339','0113','0069',null,'c',null);
Insert into IDETSU.QUESTION (QUESTIONID,TESTID,THEMEID,QUESTIONTYPE,TEXT,COMMENTARYTEXT) values ('0340','0114','0067',null,'d',null);
Insert into IDETSU.QUESTION (QUESTIONID,TESTID,THEMEID,QUESTIONTYPE,TEXT,COMMENTARYTEXT) values ('0341','0114','0068',null,'f',null);
Insert into IDETSU.QUESTION (QUESTIONID,TESTID,THEMEID,QUESTIONTYPE,TEXT,COMMENTARYTEXT) values ('0342','0114','0069',null,'g',null);
Insert into IDETSU.QUESTION (QUESTIONID,TESTID,THEMEID,QUESTIONTYPE,TEXT,COMMENTARYTEXT) values ('0343','0115','0067',null,'h',null);
Insert into IDETSU.QUESTION (QUESTIONID,TESTID,THEMEID,QUESTIONTYPE,TEXT,COMMENTARYTEXT) values ('0344','0115','0068',null,'i',null);
Insert into IDETSU.QUESTION (QUESTIONID,TESTID,THEMEID,QUESTIONTYPE,TEXT,COMMENTARYTEXT) values ('0345','0115','0069',null,'j',null);
Insert into IDETSU.QUESTION (QUESTIONID,TESTID,THEMEID,QUESTIONTYPE,TEXT,COMMENTARYTEXT) values ('0346','0116','0070',null,'k',null);
Insert into IDETSU.QUESTION (QUESTIONID,TESTID,THEMEID,QUESTIONTYPE,TEXT,COMMENTARYTEXT) values ('0347','0116','0071',null,'l',null);
Insert into IDETSU.QUESTION (QUESTIONID,TESTID,THEMEID,QUESTIONTYPE,TEXT,COMMENTARYTEXT) values ('0348','0116','0072',null,'m',null);
Insert into IDETSU.QUESTION (QUESTIONID,TESTID,THEMEID,QUESTIONTYPE,TEXT,COMMENTARYTEXT) values ('0349','0117','0070',null,'a',null);
Insert into IDETSU.QUESTION (QUESTIONID,TESTID,THEMEID,QUESTIONTYPE,TEXT,COMMENTARYTEXT) values ('0350','0117','0071',null,'b',null);
Insert into IDETSU.QUESTION (QUESTIONID,TESTID,THEMEID,QUESTIONTYPE,TEXT,COMMENTARYTEXT) values ('0351','0117','0072',null,'c',null);
Insert into IDETSU.QUESTION (QUESTIONID,TESTID,THEMEID,QUESTIONTYPE,TEXT,COMMENTARYTEXT) values ('0352','0118','0070',null,'d',null);
Insert into IDETSU.QUESTION (QUESTIONID,TESTID,THEMEID,QUESTIONTYPE,TEXT,COMMENTARYTEXT) values ('0353','0118','0071',null,'f',null);
Insert into IDETSU.QUESTION (QUESTIONID,TESTID,THEMEID,QUESTIONTYPE,TEXT,COMMENTARYTEXT) values ('0354','0118','0072',null,'g',null);
Insert into IDETSU.QUESTION (QUESTIONID,TESTID,THEMEID,QUESTIONTYPE,TEXT,COMMENTARYTEXT) values ('0355','0119','0070',null,'h',null);
Insert into IDETSU.QUESTION (QUESTIONID,TESTID,THEMEID,QUESTIONTYPE,TEXT,COMMENTARYTEXT) values ('0356','0119','0071',null,'i',null);
Insert into IDETSU.QUESTION (QUESTIONID,TESTID,THEMEID,QUESTIONTYPE,TEXT,COMMENTARYTEXT) values ('0357','0119','0072',null,'j',null);
Insert into IDETSU.QUESTION (QUESTIONID,TESTID,THEMEID,QUESTIONTYPE,TEXT,COMMENTARYTEXT) values ('0358','0120','0070',null,'k',null);
Insert into IDETSU.QUESTION (QUESTIONID,TESTID,THEMEID,QUESTIONTYPE,TEXT,COMMENTARYTEXT) values ('0359','0120','0071',null,'l',null);
Insert into IDETSU.QUESTION (QUESTIONID,TESTID,THEMEID,QUESTIONTYPE,TEXT,COMMENTARYTEXT) values ('0360','0120','0072',null,'m',null);
Insert into IDETSU.QUESTION (QUESTIONID,TESTID,THEMEID,QUESTIONTYPE,TEXT,COMMENTARYTEXT) values ('00000000000000000013','00000000000000000003','domain.Theme@167edb','RADIO_BUTTON',null,null);
Insert into IDETSU.QUESTION (QUESTIONID,TESTID,THEMEID,QUESTIONTYPE,TEXT,COMMENTARYTEXT) values ('00000000000000000014','00000000000000000003','domain.Theme@167edb','RADIO_BUTTON',null,null);
Insert into IDETSU.QUESTION (QUESTIONID,TESTID,THEMEID,QUESTIONTYPE,TEXT,COMMENTARYTEXT) values ('00000000000000000015','00000000000000000003','domain.Theme@167edb','RADIO_BUTTON',null,null);
Insert into IDETSU.QUESTION (QUESTIONID,TESTID,THEMEID,QUESTIONTYPE,TEXT,COMMENTARYTEXT) values ('00000000000000000016','00000000000000000003','domain.Theme@16c7f6e','RADIO_BUTTON',null,null);
Insert into IDETSU.QUESTION (QUESTIONID,TESTID,THEMEID,QUESTIONTYPE,TEXT,COMMENTARYTEXT) values ('0004','0002','0001',null,'d',null);
Insert into IDETSU.QUESTION (QUESTIONID,TESTID,THEMEID,QUESTIONTYPE,TEXT,COMMENTARYTEXT) values ('0005','0002','0002',null,'f',null);
Insert into IDETSU.QUESTION (QUESTIONID,TESTID,THEMEID,QUESTIONTYPE,TEXT,COMMENTARYTEXT) values ('0006','0002','0003',null,'g',null);
Insert into IDETSU.QUESTION (QUESTIONID,TESTID,THEMEID,QUESTIONTYPE,TEXT,COMMENTARYTEXT) values ('0007','0003','0001',null,'h',null);
Insert into IDETSU.QUESTION (QUESTIONID,TESTID,THEMEID,QUESTIONTYPE,TEXT,COMMENTARYTEXT) values ('0008','0003','0002',null,'i',null);
Insert into IDETSU.QUESTION (QUESTIONID,TESTID,THEMEID,QUESTIONTYPE,TEXT,COMMENTARYTEXT) values ('0009','0003','0003',null,'j',null);
Insert into IDETSU.QUESTION (QUESTIONID,TESTID,THEMEID,QUESTIONTYPE,TEXT,COMMENTARYTEXT) values ('0010','0004','0001',null,'k',null);
Insert into IDETSU.QUESTION (QUESTIONID,TESTID,THEMEID,QUESTIONTYPE,TEXT,COMMENTARYTEXT) values ('0011','0004','0002',null,'l',null);
Insert into IDETSU.QUESTION (QUESTIONID,TESTID,THEMEID,QUESTIONTYPE,TEXT,COMMENTARYTEXT) values ('0012','0004','0003',null,'m',null);
Insert into IDETSU.QUESTION (QUESTIONID,TESTID,THEMEID,QUESTIONTYPE,TEXT,COMMENTARYTEXT) values ('0013','0005','0001',null,'a',null);
Insert into IDETSU.QUESTION (QUESTIONID,TESTID,THEMEID,QUESTIONTYPE,TEXT,COMMENTARYTEXT) values ('0014','0005','0002',null,'b',null);
Insert into IDETSU.QUESTION (QUESTIONID,TESTID,THEMEID,QUESTIONTYPE,TEXT,COMMENTARYTEXT) values ('0015','0005','0003',null,'c',null);
Insert into IDETSU.QUESTION (QUESTIONID,TESTID,THEMEID,QUESTIONTYPE,TEXT,COMMENTARYTEXT) values ('0016','0006','0004',null,'d',null);
Insert into IDETSU.QUESTION (QUESTIONID,TESTID,THEMEID,QUESTIONTYPE,TEXT,COMMENTARYTEXT) values ('0017','0006','0005',null,'f',null);
Insert into IDETSU.QUESTION (QUESTIONID,TESTID,THEMEID,QUESTIONTYPE,TEXT,COMMENTARYTEXT) values ('0018','0006','0006',null,'g',null);
Insert into IDETSU.QUESTION (QUESTIONID,TESTID,THEMEID,QUESTIONTYPE,TEXT,COMMENTARYTEXT) values ('0019','0007','0004',null,'h',null);
Insert into IDETSU.QUESTION (QUESTIONID,TESTID,THEMEID,QUESTIONTYPE,TEXT,COMMENTARYTEXT) values ('0020','0007','0005',null,'i',null);
Insert into IDETSU.QUESTION (QUESTIONID,TESTID,THEMEID,QUESTIONTYPE,TEXT,COMMENTARYTEXT) values ('0021','0007','0006',null,'j',null);
Insert into IDETSU.QUESTION (QUESTIONID,TESTID,THEMEID,QUESTIONTYPE,TEXT,COMMENTARYTEXT) values ('0022','0008','0004',null,'k',null);
Insert into IDETSU.QUESTION (QUESTIONID,TESTID,THEMEID,QUESTIONTYPE,TEXT,COMMENTARYTEXT) values ('0023','0008','0005',null,'l',null);
Insert into IDETSU.QUESTION (QUESTIONID,TESTID,THEMEID,QUESTIONTYPE,TEXT,COMMENTARYTEXT) values ('0024','0008','0006',null,'m',null);
Insert into IDETSU.QUESTION (QUESTIONID,TESTID,THEMEID,QUESTIONTYPE,TEXT,COMMENTARYTEXT) values ('0025','0009','0004',null,'a',null);
Insert into IDETSU.QUESTION (QUESTIONID,TESTID,THEMEID,QUESTIONTYPE,TEXT,COMMENTARYTEXT) values ('0026','0009','0005',null,'b',null);
Insert into IDETSU.QUESTION (QUESTIONID,TESTID,THEMEID,QUESTIONTYPE,TEXT,COMMENTARYTEXT) values ('0027','0009','0006',null,'c',null);
Insert into IDETSU.QUESTION (QUESTIONID,TESTID,THEMEID,QUESTIONTYPE,TEXT,COMMENTARYTEXT) values ('0028','0010','0004',null,'d',null);
Insert into IDETSU.QUESTION (QUESTIONID,TESTID,THEMEID,QUESTIONTYPE,TEXT,COMMENTARYTEXT) values ('0029','0010','0005',null,'f',null);
Insert into IDETSU.QUESTION (QUESTIONID,TESTID,THEMEID,QUESTIONTYPE,TEXT,COMMENTARYTEXT) values ('0030','0010','0006',null,'g',null);
Insert into IDETSU.QUESTION (QUESTIONID,TESTID,THEMEID,QUESTIONTYPE,TEXT,COMMENTARYTEXT) values ('0031','0011','0007',null,'h',null);
Insert into IDETSU.QUESTION (QUESTIONID,TESTID,THEMEID,QUESTIONTYPE,TEXT,COMMENTARYTEXT) values ('0032','0011','0008',null,'i',null);
Insert into IDETSU.QUESTION (QUESTIONID,TESTID,THEMEID,QUESTIONTYPE,TEXT,COMMENTARYTEXT) values ('0033','0011','0009',null,'j',null);
Insert into IDETSU.QUESTION (QUESTIONID,TESTID,THEMEID,QUESTIONTYPE,TEXT,COMMENTARYTEXT) values ('0034','0012','0007',null,'k',null);
Insert into IDETSU.QUESTION (QUESTIONID,TESTID,THEMEID,QUESTIONTYPE,TEXT,COMMENTARYTEXT) values ('0035','0012','0008',null,'l',null);
Insert into IDETSU.QUESTION (QUESTIONID,TESTID,THEMEID,QUESTIONTYPE,TEXT,COMMENTARYTEXT) values ('0036','0012','0009',null,'m',null);
Insert into IDETSU.QUESTION (QUESTIONID,TESTID,THEMEID,QUESTIONTYPE,TEXT,COMMENTARYTEXT) values ('0037','0013','0007',null,'a',null);
Insert into IDETSU.QUESTION (QUESTIONID,TESTID,THEMEID,QUESTIONTYPE,TEXT,COMMENTARYTEXT) values ('0038','0013','0008',null,'b',null);
Insert into IDETSU.QUESTION (QUESTIONID,TESTID,THEMEID,QUESTIONTYPE,TEXT,COMMENTARYTEXT) values ('0039','0013','0009',null,'c',null);
Insert into IDETSU.QUESTION (QUESTIONID,TESTID,THEMEID,QUESTIONTYPE,TEXT,COMMENTARYTEXT) values ('0040','0014','0007',null,'d',null);
Insert into IDETSU.QUESTION (QUESTIONID,TESTID,THEMEID,QUESTIONTYPE,TEXT,COMMENTARYTEXT) values ('0041','0014','0008',null,'f',null);
Insert into IDETSU.QUESTION (QUESTIONID,TESTID,THEMEID,QUESTIONTYPE,TEXT,COMMENTARYTEXT) values ('0042','0014','0009',null,'g',null);
Insert into IDETSU.QUESTION (QUESTIONID,TESTID,THEMEID,QUESTIONTYPE,TEXT,COMMENTARYTEXT) values ('0043','0015','0007',null,'h',null);
Insert into IDETSU.QUESTION (QUESTIONID,TESTID,THEMEID,QUESTIONTYPE,TEXT,COMMENTARYTEXT) values ('0044','0015','0008',null,'i',null);
Insert into IDETSU.QUESTION (QUESTIONID,TESTID,THEMEID,QUESTIONTYPE,TEXT,COMMENTARYTEXT) values ('0045','0015','0009',null,'j',null);
Insert into IDETSU.QUESTION (QUESTIONID,TESTID,THEMEID,QUESTIONTYPE,TEXT,COMMENTARYTEXT) values ('0046','0016','0010',null,'k',null);
Insert into IDETSU.QUESTION (QUESTIONID,TESTID,THEMEID,QUESTIONTYPE,TEXT,COMMENTARYTEXT) values ('0047','0016','0011',null,'l',null);
Insert into IDETSU.QUESTION (QUESTIONID,TESTID,THEMEID,QUESTIONTYPE,TEXT,COMMENTARYTEXT) values ('0048','0016','0012',null,'m',null);
Insert into IDETSU.QUESTION (QUESTIONID,TESTID,THEMEID,QUESTIONTYPE,TEXT,COMMENTARYTEXT) values ('0049','0017','0010',null,'a',null);
Insert into IDETSU.QUESTION (QUESTIONID,TESTID,THEMEID,QUESTIONTYPE,TEXT,COMMENTARYTEXT) values ('0050','0017','0011',null,'b',null);
Insert into IDETSU.QUESTION (QUESTIONID,TESTID,THEMEID,QUESTIONTYPE,TEXT,COMMENTARYTEXT) values ('0051','0017','0012',null,'c',null);
Insert into IDETSU.QUESTION (QUESTIONID,TESTID,THEMEID,QUESTIONTYPE,TEXT,COMMENTARYTEXT) values ('0052','0018','0010',null,'d',null);
Insert into IDETSU.QUESTION (QUESTIONID,TESTID,THEMEID,QUESTIONTYPE,TEXT,COMMENTARYTEXT) values ('0053','0018','0011',null,'f',null);
Insert into IDETSU.QUESTION (QUESTIONID,TESTID,THEMEID,QUESTIONTYPE,TEXT,COMMENTARYTEXT) values ('0054','0018','0012',null,'g',null);
Insert into IDETSU.QUESTION (QUESTIONID,TESTID,THEMEID,QUESTIONTYPE,TEXT,COMMENTARYTEXT) values ('0055','0019','0010',null,'h',null);
Insert into IDETSU.QUESTION (QUESTIONID,TESTID,THEMEID,QUESTIONTYPE,TEXT,COMMENTARYTEXT) values ('0056','0019','0011',null,'i',null);
Insert into IDETSU.QUESTION (QUESTIONID,TESTID,THEMEID,QUESTIONTYPE,TEXT,COMMENTARYTEXT) values ('0057','0019','0012',null,'j',null);
Insert into IDETSU.QUESTION (QUESTIONID,TESTID,THEMEID,QUESTIONTYPE,TEXT,COMMENTARYTEXT) values ('0058','0020','0010',null,'k',null);
Insert into IDETSU.QUESTION (QUESTIONID,TESTID,THEMEID,QUESTIONTYPE,TEXT,COMMENTARYTEXT) values ('0059','0020','0011',null,'l',null);
Insert into IDETSU.QUESTION (QUESTIONID,TESTID,THEMEID,QUESTIONTYPE,TEXT,COMMENTARYTEXT) values ('0060','0020','0012',null,'m',null);
Insert into IDETSU.QUESTION (QUESTIONID,TESTID,THEMEID,QUESTIONTYPE,TEXT,COMMENTARYTEXT) values ('00000000000000000010','null','domain.Theme@1abcfed','RADIO_BUTTON',null,null);
Insert into IDETSU.QUESTION (QUESTIONID,TESTID,THEMEID,QUESTIONTYPE,TEXT,COMMENTARYTEXT) values ('00000000000000000011','null','domain.Theme@1abcfed','RADIO_BUTTON',null,null);
Insert into IDETSU.QUESTION (QUESTIONID,TESTID,THEMEID,QUESTIONTYPE,TEXT,COMMENTARYTEXT) values ('00000000000000000012','null','domain.Theme@1abcfed','RADIO_BUTTON',null,null);
Insert into IDETSU.QUESTION (QUESTIONID,TESTID,THEMEID,QUESTIONTYPE,TEXT,COMMENTARYTEXT) values ('00000000000000000017','00000000000000000003','domain.Theme@16c7f6e','RADIO_BUTTON',null,null);
Insert into IDETSU.QUESTION (QUESTIONID,TESTID,THEMEID,QUESTIONTYPE,TEXT,COMMENTARYTEXT) values ('00000000000000000018','00000000000000000003','domain.Theme@16c7f6e','RADIO_BUTTON',null,null);
Insert into IDETSU.QUESTION (QUESTIONID,TESTID,THEMEID,QUESTIONTYPE,TEXT,COMMENTARYTEXT) values ('00000000000000000040','00000000000000000005','0004','RADIO_BUTTON','s','null');
Insert into IDETSU.QUESTION (QUESTIONID,TESTID,THEMEID,QUESTIONTYPE,TEXT,COMMENTARYTEXT) values ('00000000000000000041','00000000000000000005','0004','RADIO_BUTTON','null','null');
Insert into IDETSU.QUESTION (QUESTIONID,TESTID,THEMEID,QUESTIONTYPE,TEXT,COMMENTARYTEXT) values ('00000000000000000042','00000000000000000005','0004','RADIO_BUTTON','ad','asdasdada');
Insert into IDETSU.QUESTION (QUESTIONID,TESTID,THEMEID,QUESTIONTYPE,TEXT,COMMENTARYTEXT) values ('00000000000000000043','00000000000000000005','0004','RADIO_BUTTON','s','adad');
Insert into IDETSU.QUESTION (QUESTIONID,TESTID,THEMEID,QUESTIONTYPE,TEXT,COMMENTARYTEXT) values ('00000000000000000044','00000000000000000005','0004','RADIO_BUTTON','null','null');
Insert into IDETSU.QUESTION (QUESTIONID,TESTID,THEMEID,QUESTIONTYPE,TEXT,COMMENTARYTEXT) values ('00000000000000000045','00000000000000000005','0004','RADIO_BUTTON','ad','asdasdada');
Insert into IDETSU.QUESTION (QUESTIONID,TESTID,THEMEID,QUESTIONTYPE,TEXT,COMMENTARYTEXT) values ('00000000000000000046','00000000000000000020','0004','RADIO_BUTTON',null,null);
Insert into IDETSU.QUESTION (QUESTIONID,TESTID,THEMEID,QUESTIONTYPE,TEXT,COMMENTARYTEXT) values ('00000000000000000047','00000000000000000020','0004','RADIO_BUTTON',null,null);
Insert into IDETSU.QUESTION (QUESTIONID,TESTID,THEMEID,QUESTIONTYPE,TEXT,COMMENTARYTEXT) values ('00000000000000000048','00000000000000000020','0004','RADIO_BUTTON',null,null);
Insert into IDETSU.QUESTION (QUESTIONID,TESTID,THEMEID,QUESTIONTYPE,TEXT,COMMENTARYTEXT) values ('00000000000000000049','00000000000000000020','0004','RADIO_BUTTON','null','null');
Insert into IDETSU.QUESTION (QUESTIONID,TESTID,THEMEID,QUESTIONTYPE,TEXT,COMMENTARYTEXT) values ('00000000000000000050','00000000000000000020','0004','RADIO_BUTTON','null','null');
Insert into IDETSU.QUESTION (QUESTIONID,TESTID,THEMEID,QUESTIONTYPE,TEXT,COMMENTARYTEXT) values ('00000000000000000051','00000000000000000020','0004','RADIO_BUTTON','null','null');
Insert into IDETSU.QUESTION (QUESTIONID,TESTID,THEMEID,QUESTIONTYPE,TEXT,COMMENTARYTEXT) values ('00000000000000000052','00000000000000000020','0004','RADIO_BUTTON','null','null');
Insert into IDETSU.QUESTION (QUESTIONID,TESTID,THEMEID,QUESTIONTYPE,TEXT,COMMENTARYTEXT) values ('00000000000000000053','00000000000000000020','0004','RADIO_BUTTON','null','null');
Insert into IDETSU.QUESTION (QUESTIONID,TESTID,THEMEID,QUESTIONTYPE,TEXT,COMMENTARYTEXT) values ('00000000000000000054','00000000000000000020','0004','RADIO_BUTTON','null','null');
Insert into IDETSU.QUESTION (QUESTIONID,TESTID,THEMEID,QUESTIONTYPE,TEXT,COMMENTARYTEXT) values ('00000000000000000055','00000000000000000021','0004','RADIO_BUTTON',null,null);
Insert into IDETSU.QUESTION (QUESTIONID,TESTID,THEMEID,QUESTIONTYPE,TEXT,COMMENTARYTEXT) values ('00000000000000000056','00000000000000000021','0004','RADIO_BUTTON',null,null);
Insert into IDETSU.QUESTION (QUESTIONID,TESTID,THEMEID,QUESTIONTYPE,TEXT,COMMENTARYTEXT) values ('00000000000000000057','00000000000000000021','0004','RADIO_BUTTON',null,null);
Insert into IDETSU.QUESTION (QUESTIONID,TESTID,THEMEID,QUESTIONTYPE,TEXT,COMMENTARYTEXT) values ('00000000000000000058','00000000000000000021','0004','RADIO_BUTTON',null,null);
Insert into IDETSU.QUESTION (QUESTIONID,TESTID,THEMEID,QUESTIONTYPE,TEXT,COMMENTARYTEXT) values ('00000000000000000059','00000000000000000021','0004','RADIO_BUTTON',null,null);
Insert into IDETSU.QUESTION (QUESTIONID,TESTID,THEMEID,QUESTIONTYPE,TEXT,COMMENTARYTEXT) values ('00000000000000000060','00000000000000000021','0004','RADIO_BUTTON',null,null);
Insert into IDETSU.QUESTION (QUESTIONID,TESTID,THEMEID,QUESTIONTYPE,TEXT,COMMENTARYTEXT) values ('00000000000000000067','00000000000000000023','0004','RADIO_BUTTON',null,null);
Insert into IDETSU.QUESTION (QUESTIONID,TESTID,THEMEID,QUESTIONTYPE,TEXT,COMMENTARYTEXT) values ('00000000000000000068','00000000000000000023','0004','RADIO_BUTTON',null,null);
Insert into IDETSU.QUESTION (QUESTIONID,TESTID,THEMEID,QUESTIONTYPE,TEXT,COMMENTARYTEXT) values ('00000000000000000069','00000000000000000023','0004','RADIO_BUTTON',null,null);
Insert into IDETSU.QUESTION (QUESTIONID,TESTID,THEMEID,QUESTIONTYPE,TEXT,COMMENTARYTEXT) values ('00000000000000000070','00000000000000000023','0004','RADIO_BUTTON','q','q');
Insert into IDETSU.QUESTION (QUESTIONID,TESTID,THEMEID,QUESTIONTYPE,TEXT,COMMENTARYTEXT) values ('00000000000000000071','00000000000000000023','0004','RADIO_BUTTON',null,null);
Insert into IDETSU.QUESTION (QUESTIONID,TESTID,THEMEID,QUESTIONTYPE,TEXT,COMMENTARYTEXT) values ('00000000000000000072','00000000000000000023','0004','RADIO_BUTTON',null,null);
Insert into IDETSU.QUESTION (QUESTIONID,TESTID,THEMEID,QUESTIONTYPE,TEXT,COMMENTARYTEXT) values ('00000000000000000073','00000000000000000024','0005','RADIO_BUTTON','fwf','fw');
Insert into IDETSU.QUESTION (QUESTIONID,TESTID,THEMEID,QUESTIONTYPE,TEXT,COMMENTARYTEXT) values ('00000000000000000074','00000000000000000024','0004','RADIO_BUTTON',null,null);
Insert into IDETSU.QUESTION (QUESTIONID,TESTID,THEMEID,QUESTIONTYPE,TEXT,COMMENTARYTEXT) values ('00000000000000000075','00000000000000000024','0004','RADIO_BUTTON','fsaf',null);
Insert into IDETSU.QUESTION (QUESTIONID,TESTID,THEMEID,QUESTIONTYPE,TEXT,COMMENTARYTEXT) values ('00000000000000000076','00000000000000000024','0004','RADIO_BUTTON','fwf','fw');
Insert into IDETSU.QUESTION (QUESTIONID,TESTID,THEMEID,QUESTIONTYPE,TEXT,COMMENTARYTEXT) values ('00000000000000000077','00000000000000000024','0004','RADIO_BUTTON','null','null');
Insert into IDETSU.QUESTION (QUESTIONID,TESTID,THEMEID,QUESTIONTYPE,TEXT,COMMENTARYTEXT) values ('00000000000000000078','00000000000000000024','0004','RADIO_BUTTON','fsaf','null');
Insert into IDETSU.QUESTION (QUESTIONID,TESTID,THEMEID,QUESTIONTYPE,TEXT,COMMENTARYTEXT) values ('00000000000000000124','00000000000000000029','0004','CHECK_BOX',null,null);
Insert into IDETSU.QUESTION (QUESTIONID,TESTID,THEMEID,QUESTIONTYPE,TEXT,COMMENTARYTEXT) values ('00000000000000000125','00000000000000000029','0004','RADIO_BUTTON',null,null);
Insert into IDETSU.QUESTION (QUESTIONID,TESTID,THEMEID,QUESTIONTYPE,TEXT,COMMENTARYTEXT) values ('00000000000000000126','00000000000000000029','0004','RADIO_BUTTON',null,null);
Insert into IDETSU.QUESTION (QUESTIONID,TESTID,THEMEID,QUESTIONTYPE,TEXT,COMMENTARYTEXT) values ('00000000000000000127','00000000000000000029','0004','CHECK_BOX',null,null);
Insert into IDETSU.QUESTION (QUESTIONID,TESTID,THEMEID,QUESTIONTYPE,TEXT,COMMENTARYTEXT) values ('00000000000000000128','00000000000000000029','0004','RADIO_BUTTON',null,null);
Insert into IDETSU.QUESTION (QUESTIONID,TESTID,THEMEID,QUESTIONTYPE,TEXT,COMMENTARYTEXT) values ('00000000000000000129','00000000000000000029','0004','RADIO_BUTTON',null,null);
Insert into IDETSU.QUESTION (QUESTIONID,TESTID,THEMEID,QUESTIONTYPE,TEXT,COMMENTARYTEXT) values ('00000000000000000148','00000000000000000031','0004','RADIO_BUTTON',null,null);
Insert into IDETSU.QUESTION (QUESTIONID,TESTID,THEMEID,QUESTIONTYPE,TEXT,COMMENTARYTEXT) values ('00000000000000000149','00000000000000000031','0004','RADIO_BUTTON',null,null);
Insert into IDETSU.QUESTION (QUESTIONID,TESTID,THEMEID,QUESTIONTYPE,TEXT,COMMENTARYTEXT) values ('00000000000000000150','00000000000000000031','0005','RADIO_BUTTON',null,'sdsda');
Insert into IDETSU.QUESTION (QUESTIONID,TESTID,THEMEID,QUESTIONTYPE,TEXT,COMMENTARYTEXT) values ('00000000000000000151','00000000000000000031','0005','RADIO_BUTTON',null,null);
Insert into IDETSU.QUESTION (QUESTIONID,TESTID,THEMEID,QUESTIONTYPE,TEXT,COMMENTARYTEXT) values ('00000000000000000152','00000000000000000031','0004','RADIO_BUTTON',null,null);
Insert into IDETSU.QUESTION (QUESTIONID,TESTID,THEMEID,QUESTIONTYPE,TEXT,COMMENTARYTEXT) values ('00000000000000000153','00000000000000000031','0005','RADIO_BUTTON',null,'sdsda');
Insert into IDETSU.QUESTION (QUESTIONID,TESTID,THEMEID,QUESTIONTYPE,TEXT,COMMENTARYTEXT) values ('00000000000000000154','00000000000000000031','0005','CHECK_BOX',null,null);
Insert into IDETSU.QUESTION (QUESTIONID,TESTID,THEMEID,QUESTIONTYPE,TEXT,COMMENTARYTEXT) values ('00000000000000000155','00000000000000000031','0004','RADIO_BUTTON',null,null);
Insert into IDETSU.QUESTION (QUESTIONID,TESTID,THEMEID,QUESTIONTYPE,TEXT,COMMENTARYTEXT) values ('00000000000000000156','00000000000000000031','0005','RADIO_BUTTON',null,'sdsda');
Insert into IDETSU.QUESTION (QUESTIONID,TESTID,THEMEID,QUESTIONTYPE,TEXT,COMMENTARYTEXT) values ('00000000000000000157','00000000000000000031','0005','CHECK_BOX','d','asf');
Insert into IDETSU.QUESTION (QUESTIONID,TESTID,THEMEID,QUESTIONTYPE,TEXT,COMMENTARYTEXT) values ('00000000000000000158','00000000000000000031','0004','RADIO_BUTTON','fsfsfa','fa');
Insert into IDETSU.QUESTION (QUESTIONID,TESTID,THEMEID,QUESTIONTYPE,TEXT,COMMENTARYTEXT) values ('00000000000000000159','00000000000000000031','0005','TEXT','gsgs','sdsda');
Insert into IDETSU.QUESTION (QUESTIONID,TESTID,THEMEID,QUESTIONTYPE,TEXT,COMMENTARYTEXT) values ('00000000000000000160','00000000000000000031','0005','CHECK_BOX','d','asf');
Insert into IDETSU.QUESTION (QUESTIONID,TESTID,THEMEID,QUESTIONTYPE,TEXT,COMMENTARYTEXT) values ('00000000000000000161','00000000000000000031','0004','RADIO_BUTTON','fsfsfa','fa');
Insert into IDETSU.QUESTION (QUESTIONID,TESTID,THEMEID,QUESTIONTYPE,TEXT,COMMENTARYTEXT) values ('00000000000000000162','00000000000000000031','0006','TEXT','gsgs','sdsda');
Insert into IDETSU.QUESTION (QUESTIONID,TESTID,THEMEID,QUESTIONTYPE,TEXT,COMMENTARYTEXT) values ('00000000000000000163','00000000000000000031','0005','CHECK_BOX','d','asf');
Insert into IDETSU.QUESTION (QUESTIONID,TESTID,THEMEID,QUESTIONTYPE,TEXT,COMMENTARYTEXT) values ('00000000000000000164','00000000000000000031','0004','RADIO_BUTTON','fsfsfa','fa');
Insert into IDETSU.QUESTION (QUESTIONID,TESTID,THEMEID,QUESTIONTYPE,TEXT,COMMENTARYTEXT) values ('00000000000000000165','00000000000000000031','0006','TEXT','gsgs','sdsda');
Insert into IDETSU.QUESTION (QUESTIONID,TESTID,THEMEID,QUESTIONTYPE,TEXT,COMMENTARYTEXT) values ('00000000000000000166',null,'0004','RADIO_BUTTON',null,null);
Insert into IDETSU.QUESTION (QUESTIONID,TESTID,THEMEID,QUESTIONTYPE,TEXT,COMMENTARYTEXT) values ('00000000000000000167',null,'0004','RADIO_BUTTON',null,null);
Insert into IDETSU.QUESTION (QUESTIONID,TESTID,THEMEID,QUESTIONTYPE,TEXT,COMMENTARYTEXT) values ('00000000000000000168',null,'0004','RADIO_BUTTON',null,null);
Insert into IDETSU.QUESTION (QUESTIONID,TESTID,THEMEID,QUESTIONTYPE,TEXT,COMMENTARYTEXT) values ('00000000000000000169','00000000000000000032','0006','RADIO_BUTTON',null,null);
Insert into IDETSU.QUESTION (QUESTIONID,TESTID,THEMEID,QUESTIONTYPE,TEXT,COMMENTARYTEXT) values ('00000000000000000170','00000000000000000032','0004','RADIO_BUTTON',null,null);
Insert into IDETSU.QUESTION (QUESTIONID,TESTID,THEMEID,QUESTIONTYPE,TEXT,COMMENTARYTEXT) values ('00000000000000000171','00000000000000000032','0004','RADIO_BUTTON',null,null);
Insert into IDETSU.QUESTION (QUESTIONID,TESTID,THEMEID,QUESTIONTYPE,TEXT,COMMENTARYTEXT) values ('00000000000000000172','00000000000000000032','0006','RADIO_BUTTON',null,null);
Insert into IDETSU.QUESTION (QUESTIONID,TESTID,THEMEID,QUESTIONTYPE,TEXT,COMMENTARYTEXT) values ('00000000000000000173','00000000000000000032','0006','RADIO_BUTTON',null,null);
Insert into IDETSU.QUESTION (QUESTIONID,TESTID,THEMEID,QUESTIONTYPE,TEXT,COMMENTARYTEXT) values ('00000000000000000174','00000000000000000032','0004','RADIO_BUTTON',null,null);
Insert into IDETSU.QUESTION (QUESTIONID,TESTID,THEMEID,QUESTIONTYPE,TEXT,COMMENTARYTEXT) values ('00000000000000000175','00000000000000000032','0006','RADIO_BUTTON',null,null);
Insert into IDETSU.QUESTION (QUESTIONID,TESTID,THEMEID,QUESTIONTYPE,TEXT,COMMENTARYTEXT) values ('00000000000000000176','00000000000000000032','0006','RADIO_BUTTON',null,null);
Insert into IDETSU.QUESTION (QUESTIONID,TESTID,THEMEID,QUESTIONTYPE,TEXT,COMMENTARYTEXT) values ('00000000000000000177','00000000000000000032','0006','RADIO_BUTTON',null,null);
Insert into IDETSU.QUESTION (QUESTIONID,TESTID,THEMEID,QUESTIONTYPE,TEXT,COMMENTARYTEXT) values ('00000000000000000178','00000000000000000032','0006','RADIO_BUTTON',null,null);
Insert into IDETSU.QUESTION (QUESTIONID,TESTID,THEMEID,QUESTIONTYPE,TEXT,COMMENTARYTEXT) values ('00000000000000000179','00000000000000000032','0006','RADIO_BUTTON',null,null);
Insert into IDETSU.QUESTION (QUESTIONID,TESTID,THEMEID,QUESTIONTYPE,TEXT,COMMENTARYTEXT) values ('00000000000000000180','00000000000000000032','0006','RADIO_BUTTON',null,null);
Insert into IDETSU.QUESTION (QUESTIONID,TESTID,THEMEID,QUESTIONTYPE,TEXT,COMMENTARYTEXT) values ('00000000000000000019','00000000000000000004','0001','RADIO_BUTTON','33','3');
Insert into IDETSU.QUESTION (QUESTIONID,TESTID,THEMEID,QUESTIONTYPE,TEXT,COMMENTARYTEXT) values ('00000000000000000020','00000000000000000004','0001','CHECK_BOX','343','3463');
Insert into IDETSU.QUESTION (QUESTIONID,TESTID,THEMEID,QUESTIONTYPE,TEXT,COMMENTARYTEXT) values ('00000000000000000021','00000000000000000004','0002','TEXT','363','464');
Insert into IDETSU.QUESTION (QUESTIONID,TESTID,THEMEID,QUESTIONTYPE,TEXT,COMMENTARYTEXT) values ('00000000000000000022','00000000000000000004','0001','RADIO_BUTTON','33','3');
Insert into IDETSU.QUESTION (QUESTIONID,TESTID,THEMEID,QUESTIONTYPE,TEXT,COMMENTARYTEXT) values ('00000000000000000023','00000000000000000004','0001','CHECK_BOX','343','3463');
Insert into IDETSU.QUESTION (QUESTIONID,TESTID,THEMEID,QUESTIONTYPE,TEXT,COMMENTARYTEXT) values ('00000000000000000024','00000000000000000004','0002','TEXT','363','464');
Insert into IDETSU.QUESTION (QUESTIONID,TESTID,THEMEID,QUESTIONTYPE,TEXT,COMMENTARYTEXT) values ('00000000000000000025','00000000000000000005','0001','RADIO_BUTTON','s',null);
Insert into IDETSU.QUESTION (QUESTIONID,TESTID,THEMEID,QUESTIONTYPE,TEXT,COMMENTARYTEXT) values ('00000000000000000026','00000000000000000005','0001','RADIO_BUTTON',null,null);
Insert into IDETSU.QUESTION (QUESTIONID,TESTID,THEMEID,QUESTIONTYPE,TEXT,COMMENTARYTEXT) values ('00000000000000000027','00000000000000000005','0001','RADIO_BUTTON','ad',null);
Insert into IDETSU.QUESTION (QUESTIONID,TESTID,THEMEID,QUESTIONTYPE,TEXT,COMMENTARYTEXT) values ('00000000000000000082','00000000000000000025','0004','TEXT',null,null);
Insert into IDETSU.QUESTION (QUESTIONID,TESTID,THEMEID,QUESTIONTYPE,TEXT,COMMENTARYTEXT) values ('00000000000000000083','00000000000000000025','0004','RADIO_BUTTON',null,null);
Insert into IDETSU.QUESTION (QUESTIONID,TESTID,THEMEID,QUESTIONTYPE,TEXT,COMMENTARYTEXT) values ('00000000000000000084','00000000000000000025','0004','RADIO_BUTTON',null,null);
Insert into IDETSU.QUESTION (QUESTIONID,TESTID,THEMEID,QUESTIONTYPE,TEXT,COMMENTARYTEXT) values ('00000000000000000085','00000000000000000025','0004','RADIO_BUTTON','null','null');
Insert into IDETSU.QUESTION (QUESTIONID,TESTID,THEMEID,QUESTIONTYPE,TEXT,COMMENTARYTEXT) values ('00000000000000000086','00000000000000000025','0004','TEXT','null','null');
Insert into IDETSU.QUESTION (QUESTIONID,TESTID,THEMEID,QUESTIONTYPE,TEXT,COMMENTARYTEXT) values ('00000000000000000087','00000000000000000025','0004','RADIO_BUTTON','null','null');
Insert into IDETSU.QUESTION (QUESTIONID,TESTID,THEMEID,QUESTIONTYPE,TEXT,COMMENTARYTEXT) values ('00000000000000000088','00000000000000000025','0006','RADIO_BUTTON','null','dadad');
Insert into IDETSU.QUESTION (QUESTIONID,TESTID,THEMEID,QUESTIONTYPE,TEXT,COMMENTARYTEXT) values ('00000000000000000089','00000000000000000025','0004','TEXT','null','null');
Insert into IDETSU.QUESTION (QUESTIONID,TESTID,THEMEID,QUESTIONTYPE,TEXT,COMMENTARYTEXT) values ('00000000000000000090','00000000000000000025','0004','RADIO_BUTTON','null','null');
Insert into IDETSU.QUESTION (QUESTIONID,TESTID,THEMEID,QUESTIONTYPE,TEXT,COMMENTARYTEXT) values ('00000000000000000091','00000000000000000025','0006','RADIO_BUTTON','null','dadad');
Insert into IDETSU.QUESTION (QUESTIONID,TESTID,THEMEID,QUESTIONTYPE,TEXT,COMMENTARYTEXT) values ('00000000000000000092','00000000000000000025','0004','TEXT','null','null');
Insert into IDETSU.QUESTION (QUESTIONID,TESTID,THEMEID,QUESTIONTYPE,TEXT,COMMENTARYTEXT) values ('00000000000000000093','00000000000000000025','0004','RADIO_BUTTON','null','null');
Insert into IDETSU.QUESTION (QUESTIONID,TESTID,THEMEID,QUESTIONTYPE,TEXT,COMMENTARYTEXT) values ('00000000000000000094','00000000000000000025','0006','RADIO_BUTTON','null','dadad');
Insert into IDETSU.QUESTION (QUESTIONID,TESTID,THEMEID,QUESTIONTYPE,TEXT,COMMENTARYTEXT) values ('00000000000000000095','00000000000000000025','0004','TEXT','null','null');
Insert into IDETSU.QUESTION (QUESTIONID,TESTID,THEMEID,QUESTIONTYPE,TEXT,COMMENTARYTEXT) values ('00000000000000000096','00000000000000000025','0004','RADIO_BUTTON','null','null');
Insert into IDETSU.QUESTION (QUESTIONID,TESTID,THEMEID,QUESTIONTYPE,TEXT,COMMENTARYTEXT) values ('00000000000000000097','00000000000000000025','0005','CHECK_BOX','null','dadad');
Insert into IDETSU.QUESTION (QUESTIONID,TESTID,THEMEID,QUESTIONTYPE,TEXT,COMMENTARYTEXT) values ('00000000000000000098','00000000000000000025','0004','TEXT','null','null');
Insert into IDETSU.QUESTION (QUESTIONID,TESTID,THEMEID,QUESTIONTYPE,TEXT,COMMENTARYTEXT) values ('00000000000000000099','00000000000000000025','0004','RADIO_BUTTON','null','null');
REM INSERTING into IDETSU.RESULT
SET DEFINE OFF;
Insert into IDETSU.RESULT (RESULTID,USERID,TESTID,SCORE,ANSWERDATE) values ('0001','00001','0001',1,'2016-07-11');
Insert into IDETSU.RESULT (RESULTID,USERID,TESTID,SCORE,ANSWERDATE) values ('0021','nakatsu','0007',3,'2016-07-19');
Insert into IDETSU.RESULT (RESULTID,USERID,TESTID,SCORE,ANSWERDATE) values ('0022','00001','0008',3,'2016-07-20');
Insert into IDETSU.RESULT (RESULTID,USERID,TESTID,SCORE,ANSWERDATE) values ('0023','ideguchi','0008',3,'2016-07-20');
Insert into IDETSU.RESULT (RESULTID,USERID,TESTID,SCORE,ANSWERDATE) values ('0024','nakatsu','0008',3,'2016-07-20');
Insert into IDETSU.RESULT (RESULTID,USERID,TESTID,SCORE,ANSWERDATE) values ('0025','00001','0009',3,'2016-07-21');
Insert into IDETSU.RESULT (RESULTID,USERID,TESTID,SCORE,ANSWERDATE) values ('0026','ideguchi','0009',3,'2016-07-21');
Insert into IDETSU.RESULT (RESULTID,USERID,TESTID,SCORE,ANSWERDATE) values ('0027','nakatsu','0009',3,'2016-07-21');
Insert into IDETSU.RESULT (RESULTID,USERID,TESTID,SCORE,ANSWERDATE) values ('0028','00001','0010',3,'2016-07-22');
Insert into IDETSU.RESULT (RESULTID,USERID,TESTID,SCORE,ANSWERDATE) values ('0029','ideguchi','0010',3,'2016-07-22');
Insert into IDETSU.RESULT (RESULTID,USERID,TESTID,SCORE,ANSWERDATE) values ('0030','nakatsu','0010',3,'2016-07-22');
Insert into IDETSU.RESULT (RESULTID,USERID,TESTID,SCORE,ANSWERDATE) values ('0002','ideguchi','0001',0,'2016-07-11');
Insert into IDETSU.RESULT (RESULTID,USERID,TESTID,SCORE,ANSWERDATE) values ('0013','00001','0005',2,'2016-07-15');
Insert into IDETSU.RESULT (RESULTID,USERID,TESTID,SCORE,ANSWERDATE) values ('0014','ideguchi','0005',2,'2016-07-15');
Insert into IDETSU.RESULT (RESULTID,USERID,TESTID,SCORE,ANSWERDATE) values ('0015','nakatsu','0005',2,'2016-07-15');
Insert into IDETSU.RESULT (RESULTID,USERID,TESTID,SCORE,ANSWERDATE) values ('0016','00001','0006',2,'2016-07-18');
Insert into IDETSU.RESULT (RESULTID,USERID,TESTID,SCORE,ANSWERDATE) values ('0017','ideguchi','0006',2,'2016-07-18');
Insert into IDETSU.RESULT (RESULTID,USERID,TESTID,SCORE,ANSWERDATE) values ('0018','nakatsu','0006',2,'2016-07-18');
Insert into IDETSU.RESULT (RESULTID,USERID,TESTID,SCORE,ANSWERDATE) values ('0019','00001','0007',2,'2016-07-19');
Insert into IDETSU.RESULT (RESULTID,USERID,TESTID,SCORE,ANSWERDATE) values ('0020','ideguchi','0007',2,'2016-07-19');
Insert into IDETSU.RESULT (RESULTID,USERID,TESTID,SCORE,ANSWERDATE) values ('0003','nakatsu','0001',0,'2016-07-11');
Insert into IDETSU.RESULT (RESULTID,USERID,TESTID,SCORE,ANSWERDATE) values ('0004','00001','0002',0,'2016-07-12');
Insert into IDETSU.RESULT (RESULTID,USERID,TESTID,SCORE,ANSWERDATE) values ('0005','ideguchi','0002',0,'2016-07-12');
Insert into IDETSU.RESULT (RESULTID,USERID,TESTID,SCORE,ANSWERDATE) values ('0006','nakatsu','0002',0,'2016-07-12');
Insert into IDETSU.RESULT (RESULTID,USERID,TESTID,SCORE,ANSWERDATE) values ('0007','00001','0003',0,'2016-07-13');
Insert into IDETSU.RESULT (RESULTID,USERID,TESTID,SCORE,ANSWERDATE) values ('0008','ideguchi','0003',0,'2016-07-13');
Insert into IDETSU.RESULT (RESULTID,USERID,TESTID,SCORE,ANSWERDATE) values ('0009','nakatsu','0003',0,'2016-07-13');
Insert into IDETSU.RESULT (RESULTID,USERID,TESTID,SCORE,ANSWERDATE) values ('0010','00001','0004',0,'2016-07-14');
Insert into IDETSU.RESULT (RESULTID,USERID,TESTID,SCORE,ANSWERDATE) values ('0011','ideguchi','0004',0,'2016-07-14');
Insert into IDETSU.RESULT (RESULTID,USERID,TESTID,SCORE,ANSWERDATE) values ('0012','nakatsu','0004',0,'2016-07-14');
REM INSERTING into IDETSU.RESULTITEM
SET DEFINE OFF;
Insert into IDETSU.RESULTITEM (RESULTITEMID,CHOICEID,RESULTID,TEXT,ISCORRECT,QUESTIONID) values ('0001','0001','0001','ueueueue',null,null);
REM INSERTING into IDETSU.TEST
SET DEFINE OFF;
Insert into IDETSU.TEST (TESTID,CREATEUSER,THEMEPERIODID,REGISTRATIONDATE,ISRELEASED) values ('0001','a','0001','2016-07-11','RELEASED');
Insert into IDETSU.TEST (TESTID,CREATEUSER,THEMEPERIODID,REGISTRATIONDATE,ISRELEASED) values ('00000000000000000030','00001','0002','2016-07-20','RELEASED');
Insert into IDETSU.TEST (TESTID,CREATEUSER,THEMEPERIODID,REGISTRATIONDATE,ISRELEASED) values ('0005','nakatsu','0001','2016-07-15','RELEASED');
Insert into IDETSU.TEST (TESTID,CREATEUSER,THEMEPERIODID,REGISTRATIONDATE,ISRELEASED) values ('0004','ideguchi','0001','2016-07-14','RELEASED');
Insert into IDETSU.TEST (TESTID,CREATEUSER,THEMEPERIODID,REGISTRATIONDATE,ISRELEASED) values ('0006','hayashi','0002','2016-07-18','RELEASED');
Insert into IDETSU.TEST (TESTID,CREATEUSER,THEMEPERIODID,REGISTRATIONDATE,ISRELEASED) values ('0007','a','0002','2016-07-19','RELEASED');
Insert into IDETSU.TEST (TESTID,CREATEUSER,THEMEPERIODID,REGISTRATIONDATE,ISRELEASED) values ('0008','a','0002','2016-07-20','RELEASED');
Insert into IDETSU.TEST (TESTID,CREATEUSER,THEMEPERIODID,REGISTRATIONDATE,ISRELEASED) values ('0009','ideguchi','0002','2016-07-21','RELEASED');
Insert into IDETSU.TEST (TESTID,CREATEUSER,THEMEPERIODID,REGISTRATIONDATE,ISRELEASED) values ('0010','nakatsu','0002','2016-07-22','RELEASED');
Insert into IDETSU.TEST (TESTID,CREATEUSER,THEMEPERIODID,REGISTRATIONDATE,ISRELEASED) values ('0021','ideguchi','0005','2016-08-08','RELEASED');
Insert into IDETSU.TEST (TESTID,CREATEUSER,THEMEPERIODID,REGISTRATIONDATE,ISRELEASED) values ('0022','ideguchi','0005','2016-08-09','RELEASED');
Insert into IDETSU.TEST (TESTID,CREATEUSER,THEMEPERIODID,REGISTRATIONDATE,ISRELEASED) values ('0023','ideguchi','0005','2016-08-10','RELEASED');
Insert into IDETSU.TEST (TESTID,CREATEUSER,THEMEPERIODID,REGISTRATIONDATE,ISRELEASED) values ('0024','ideguchi','0005','2016-08-11','RELEASED');
Insert into IDETSU.TEST (TESTID,CREATEUSER,THEMEPERIODID,REGISTRATIONDATE,ISRELEASED) values ('0025','ideguchi','0005','2016-08-12','RELEASED');
Insert into IDETSU.TEST (TESTID,CREATEUSER,THEMEPERIODID,REGISTRATIONDATE,ISRELEASED) values ('0026','ideguchi','0006','2016-08-15','RELEASED');
Insert into IDETSU.TEST (TESTID,CREATEUSER,THEMEPERIODID,REGISTRATIONDATE,ISRELEASED) values ('0027','ideguchi','0006','2016-08-16','RELEASED');
Insert into IDETSU.TEST (TESTID,CREATEUSER,THEMEPERIODID,REGISTRATIONDATE,ISRELEASED) values ('0028','ideguchi','0006','2016-08-17','RELEASED');
Insert into IDETSU.TEST (TESTID,CREATEUSER,THEMEPERIODID,REGISTRATIONDATE,ISRELEASED) values ('0029','ideguchi','0006','2016-08-18','RELEASED');
Insert into IDETSU.TEST (TESTID,CREATEUSER,THEMEPERIODID,REGISTRATIONDATE,ISRELEASED) values ('0030','ideguchi','0006','2016-08-19','RELEASED');
Insert into IDETSU.TEST (TESTID,CREATEUSER,THEMEPERIODID,REGISTRATIONDATE,ISRELEASED) values ('0031','ideguchi','0007','2016-08-22','RELEASED');
Insert into IDETSU.TEST (TESTID,CREATEUSER,THEMEPERIODID,REGISTRATIONDATE,ISRELEASED) values ('0032','ideguchi','0007','2016-08-23','RELEASED');
Insert into IDETSU.TEST (TESTID,CREATEUSER,THEMEPERIODID,REGISTRATIONDATE,ISRELEASED) values ('0033','ideguchi','0007','2016-08-24','RELEASED');
Insert into IDETSU.TEST (TESTID,CREATEUSER,THEMEPERIODID,REGISTRATIONDATE,ISRELEASED) values ('0034','ideguchi','0007','2016-08-25','RELEASED');
Insert into IDETSU.TEST (TESTID,CREATEUSER,THEMEPERIODID,REGISTRATIONDATE,ISRELEASED) values ('0035','ideguchi','0007','2016-08-26','RELEASED');
Insert into IDETSU.TEST (TESTID,CREATEUSER,THEMEPERIODID,REGISTRATIONDATE,ISRELEASED) values ('0036','ideguchi','0008','2016-08-29','RELEASED');
Insert into IDETSU.TEST (TESTID,CREATEUSER,THEMEPERIODID,REGISTRATIONDATE,ISRELEASED) values ('0037','ideguchi','0008','2016-08-30','RELEASED');
Insert into IDETSU.TEST (TESTID,CREATEUSER,THEMEPERIODID,REGISTRATIONDATE,ISRELEASED) values ('0038','ideguchi','0008','2016-08-31','RELEASED');
Insert into IDETSU.TEST (TESTID,CREATEUSER,THEMEPERIODID,REGISTRATIONDATE,ISRELEASED) values ('0039','ideguchi','0008','2016-09-01','RELEASED');
Insert into IDETSU.TEST (TESTID,CREATEUSER,THEMEPERIODID,REGISTRATIONDATE,ISRELEASED) values ('0040','ideguchi','0008','2016-09-02','RELEASED');
Insert into IDETSU.TEST (TESTID,CREATEUSER,THEMEPERIODID,REGISTRATIONDATE,ISRELEASED) values ('0041','ideguchi','0009','2016-09-05','RELEASED');
Insert into IDETSU.TEST (TESTID,CREATEUSER,THEMEPERIODID,REGISTRATIONDATE,ISRELEASED) values ('0042','ideguchi','0009','2016-09-06','RELEASED');
Insert into IDETSU.TEST (TESTID,CREATEUSER,THEMEPERIODID,REGISTRATIONDATE,ISRELEASED) values ('0043','ideguchi','0009','2016-09-07','RELEASED');
Insert into IDETSU.TEST (TESTID,CREATEUSER,THEMEPERIODID,REGISTRATIONDATE,ISRELEASED) values ('0044','ideguchi','0009','2016-09-08','RELEASED');
Insert into IDETSU.TEST (TESTID,CREATEUSER,THEMEPERIODID,REGISTRATIONDATE,ISRELEASED) values ('0045','ideguchi','0009','2016-09-09','RELEASED');
Insert into IDETSU.TEST (TESTID,CREATEUSER,THEMEPERIODID,REGISTRATIONDATE,ISRELEASED) values ('0046','ideguchi','0010','2016-09-12','RELEASED');
Insert into IDETSU.TEST (TESTID,CREATEUSER,THEMEPERIODID,REGISTRATIONDATE,ISRELEASED) values ('0047','ideguchi','0010','2016-09-13','RELEASED');
Insert into IDETSU.TEST (TESTID,CREATEUSER,THEMEPERIODID,REGISTRATIONDATE,ISRELEASED) values ('0048','ideguchi','0010','2016-09-14','RELEASED');
Insert into IDETSU.TEST (TESTID,CREATEUSER,THEMEPERIODID,REGISTRATIONDATE,ISRELEASED) values ('0049','ideguchi','0010','2016-09-15','RELEASED');
Insert into IDETSU.TEST (TESTID,CREATEUSER,THEMEPERIODID,REGISTRATIONDATE,ISRELEASED) values ('0050','ideguchi','0010','2016-09-16','RELEASED');
Insert into IDETSU.TEST (TESTID,CREATEUSER,THEMEPERIODID,REGISTRATIONDATE,ISRELEASED) values ('0051','ideguchi','0011','2016-09-19','RELEASED');
Insert into IDETSU.TEST (TESTID,CREATEUSER,THEMEPERIODID,REGISTRATIONDATE,ISRELEASED) values ('0052','ideguchi','0011','2016-09-20','RELEASED');
Insert into IDETSU.TEST (TESTID,CREATEUSER,THEMEPERIODID,REGISTRATIONDATE,ISRELEASED) values ('0053','ideguchi','0011','2016-09-21','RELEASED');
Insert into IDETSU.TEST (TESTID,CREATEUSER,THEMEPERIODID,REGISTRATIONDATE,ISRELEASED) values ('0054','ideguchi','0011','2016-09-22','RELEASED');
Insert into IDETSU.TEST (TESTID,CREATEUSER,THEMEPERIODID,REGISTRATIONDATE,ISRELEASED) values ('0055','ideguchi','0011','2016-09-23','RELEASED');
Insert into IDETSU.TEST (TESTID,CREATEUSER,THEMEPERIODID,REGISTRATIONDATE,ISRELEASED) values ('0056','ideguchi','0012','2016-09-26','RELEASED');
Insert into IDETSU.TEST (TESTID,CREATEUSER,THEMEPERIODID,REGISTRATIONDATE,ISRELEASED) values ('0057','ideguchi','0012','2016-09-27','RELEASED');
Insert into IDETSU.TEST (TESTID,CREATEUSER,THEMEPERIODID,REGISTRATIONDATE,ISRELEASED) values ('0058','ideguchi','0012','2016-09-28','RELEASED');
Insert into IDETSU.TEST (TESTID,CREATEUSER,THEMEPERIODID,REGISTRATIONDATE,ISRELEASED) values ('0059','ideguchi','0012','2016-09-29','RELEASED');
Insert into IDETSU.TEST (TESTID,CREATEUSER,THEMEPERIODID,REGISTRATIONDATE,ISRELEASED) values ('0060','ideguchi','0012','2016-09-30','RELEASED');
Insert into IDETSU.TEST (TESTID,CREATEUSER,THEMEPERIODID,REGISTRATIONDATE,ISRELEASED) values ('0061','ideguchi','0013','2016-10-03','RELEASED');
Insert into IDETSU.TEST (TESTID,CREATEUSER,THEMEPERIODID,REGISTRATIONDATE,ISRELEASED) values ('0062','ideguchi','0013','2016-10-04','RELEASED');
Insert into IDETSU.TEST (TESTID,CREATEUSER,THEMEPERIODID,REGISTRATIONDATE,ISRELEASED) values ('0063','ideguchi','0013','2016-10-05','RELEASED');
Insert into IDETSU.TEST (TESTID,CREATEUSER,THEMEPERIODID,REGISTRATIONDATE,ISRELEASED) values ('0064','ideguchi','0013','2016-10-06','RELEASED');
Insert into IDETSU.TEST (TESTID,CREATEUSER,THEMEPERIODID,REGISTRATIONDATE,ISRELEASED) values ('0065','ideguchi','0013','2016-10-07','RELEASED');
Insert into IDETSU.TEST (TESTID,CREATEUSER,THEMEPERIODID,REGISTRATIONDATE,ISRELEASED) values ('0066','ideguchi','0014','2016-10-10','RELEASED');
Insert into IDETSU.TEST (TESTID,CREATEUSER,THEMEPERIODID,REGISTRATIONDATE,ISRELEASED) values ('0067','ideguchi','0014','2016-10-11','RELEASED');
Insert into IDETSU.TEST (TESTID,CREATEUSER,THEMEPERIODID,REGISTRATIONDATE,ISRELEASED) values ('0068','ideguchi','0014','2016-10-12','RELEASED');
Insert into IDETSU.TEST (TESTID,CREATEUSER,THEMEPERIODID,REGISTRATIONDATE,ISRELEASED) values ('0069','ideguchi','0014','2016-10-13','RELEASED');
Insert into IDETSU.TEST (TESTID,CREATEUSER,THEMEPERIODID,REGISTRATIONDATE,ISRELEASED) values ('0070','ideguchi','0014','2016-10-14','RELEASED');
Insert into IDETSU.TEST (TESTID,CREATEUSER,THEMEPERIODID,REGISTRATIONDATE,ISRELEASED) values ('0071','ideguchi','0015','2016-10-17','RELEASED');
Insert into IDETSU.TEST (TESTID,CREATEUSER,THEMEPERIODID,REGISTRATIONDATE,ISRELEASED) values ('0072','ideguchi','0015','2016-10-18','RELEASED');
Insert into IDETSU.TEST (TESTID,CREATEUSER,THEMEPERIODID,REGISTRATIONDATE,ISRELEASED) values ('0073','ideguchi','0015','2016-10-19','RELEASED');
Insert into IDETSU.TEST (TESTID,CREATEUSER,THEMEPERIODID,REGISTRATIONDATE,ISRELEASED) values ('0074','ideguchi','0015','2016-10-20','RELEASED');
Insert into IDETSU.TEST (TESTID,CREATEUSER,THEMEPERIODID,REGISTRATIONDATE,ISRELEASED) values ('0075','ideguchi','0015','2016-10-21','RELEASED');
Insert into IDETSU.TEST (TESTID,CREATEUSER,THEMEPERIODID,REGISTRATIONDATE,ISRELEASED) values ('0076','ideguchi','0016','2016-10-24','RELEASED');
Insert into IDETSU.TEST (TESTID,CREATEUSER,THEMEPERIODID,REGISTRATIONDATE,ISRELEASED) values ('0077','ideguchi','0016','2016-10-25','RELEASED');
Insert into IDETSU.TEST (TESTID,CREATEUSER,THEMEPERIODID,REGISTRATIONDATE,ISRELEASED) values ('0078','ideguchi','0016','2016-10-26','RELEASED');
Insert into IDETSU.TEST (TESTID,CREATEUSER,THEMEPERIODID,REGISTRATIONDATE,ISRELEASED) values ('0079','ideguchi','0016','2016-10-27','RELEASED');
Insert into IDETSU.TEST (TESTID,CREATEUSER,THEMEPERIODID,REGISTRATIONDATE,ISRELEASED) values ('0080','ideguchi','0016','2016-10-28','RELEASED');
Insert into IDETSU.TEST (TESTID,CREATEUSER,THEMEPERIODID,REGISTRATIONDATE,ISRELEASED) values ('0081','ideguchi','0017','2016-10-31','RELEASED');
Insert into IDETSU.TEST (TESTID,CREATEUSER,THEMEPERIODID,REGISTRATIONDATE,ISRELEASED) values ('0082','ideguchi','0017','2016-11-01','RELEASED');
Insert into IDETSU.TEST (TESTID,CREATEUSER,THEMEPERIODID,REGISTRATIONDATE,ISRELEASED) values ('0083','ideguchi','0017','2016-11-02','RELEASED');
Insert into IDETSU.TEST (TESTID,CREATEUSER,THEMEPERIODID,REGISTRATIONDATE,ISRELEASED) values ('0084','ideguchi','0017','2016-11-03','RELEASED');
Insert into IDETSU.TEST (TESTID,CREATEUSER,THEMEPERIODID,REGISTRATIONDATE,ISRELEASED) values ('0085','ideguchi','0017','2016-11-04','RELEASED');
Insert into IDETSU.TEST (TESTID,CREATEUSER,THEMEPERIODID,REGISTRATIONDATE,ISRELEASED) values ('0086','ideguchi','0018','2016-11-07','RELEASED');
Insert into IDETSU.TEST (TESTID,CREATEUSER,THEMEPERIODID,REGISTRATIONDATE,ISRELEASED) values ('0087','ideguchi','0018','2016-11-08','RELEASED');
Insert into IDETSU.TEST (TESTID,CREATEUSER,THEMEPERIODID,REGISTRATIONDATE,ISRELEASED) values ('0088','ideguchi','0018','2016-11-09','RELEASED');
Insert into IDETSU.TEST (TESTID,CREATEUSER,THEMEPERIODID,REGISTRATIONDATE,ISRELEASED) values ('0089','ideguchi','0018','2016-11-10','RELEASED');
Insert into IDETSU.TEST (TESTID,CREATEUSER,THEMEPERIODID,REGISTRATIONDATE,ISRELEASED) values ('0090','ideguchi','0018','2016-11-11','RELEASED');
Insert into IDETSU.TEST (TESTID,CREATEUSER,THEMEPERIODID,REGISTRATIONDATE,ISRELEASED) values ('0091','ideguchi','0019','2016-11-14','RELEASED');
Insert into IDETSU.TEST (TESTID,CREATEUSER,THEMEPERIODID,REGISTRATIONDATE,ISRELEASED) values ('0092','ideguchi','0019','2016-11-15','RELEASED');
Insert into IDETSU.TEST (TESTID,CREATEUSER,THEMEPERIODID,REGISTRATIONDATE,ISRELEASED) values ('0093','ideguchi','0019','2016-11-16','RELEASED');
Insert into IDETSU.TEST (TESTID,CREATEUSER,THEMEPERIODID,REGISTRATIONDATE,ISRELEASED) values ('0094','ideguchi','0019','2016-11-17','RELEASED');
Insert into IDETSU.TEST (TESTID,CREATEUSER,THEMEPERIODID,REGISTRATIONDATE,ISRELEASED) values ('0095','ideguchi','0019','2016-11-18','RELEASED');
Insert into IDETSU.TEST (TESTID,CREATEUSER,THEMEPERIODID,REGISTRATIONDATE,ISRELEASED) values ('0096','ideguchi','0020','2016-11-21','RELEASED');
Insert into IDETSU.TEST (TESTID,CREATEUSER,THEMEPERIODID,REGISTRATIONDATE,ISRELEASED) values ('0097','ideguchi','0020','2016-11-22','RELEASED');
Insert into IDETSU.TEST (TESTID,CREATEUSER,THEMEPERIODID,REGISTRATIONDATE,ISRELEASED) values ('0098','ideguchi','0020','2016-11-23','RELEASED');
Insert into IDETSU.TEST (TESTID,CREATEUSER,THEMEPERIODID,REGISTRATIONDATE,ISRELEASED) values ('0099','ideguchi','0020','2016-11-24','RELEASED');
Insert into IDETSU.TEST (TESTID,CREATEUSER,THEMEPERIODID,REGISTRATIONDATE,ISRELEASED) values ('0100','ideguchi','0020','2016-11-25','RELEASED');
Insert into IDETSU.TEST (TESTID,CREATEUSER,THEMEPERIODID,REGISTRATIONDATE,ISRELEASED) values ('0101','ideguchi','0021','2016-11-28','RELEASED');
Insert into IDETSU.TEST (TESTID,CREATEUSER,THEMEPERIODID,REGISTRATIONDATE,ISRELEASED) values ('0102','ideguchi','0021','2016-11-29','RELEASED');
Insert into IDETSU.TEST (TESTID,CREATEUSER,THEMEPERIODID,REGISTRATIONDATE,ISRELEASED) values ('0103','ideguchi','0021','2016-11-30','RELEASED');
Insert into IDETSU.TEST (TESTID,CREATEUSER,THEMEPERIODID,REGISTRATIONDATE,ISRELEASED) values ('0104','ideguchi','0021','2016-12-01','RELEASED');
Insert into IDETSU.TEST (TESTID,CREATEUSER,THEMEPERIODID,REGISTRATIONDATE,ISRELEASED) values ('0105','ideguchi','0021','2016-12-02','RELEASED');
Insert into IDETSU.TEST (TESTID,CREATEUSER,THEMEPERIODID,REGISTRATIONDATE,ISRELEASED) values ('0106','ideguchi','0022','2016-12-05','RELEASED');
Insert into IDETSU.TEST (TESTID,CREATEUSER,THEMEPERIODID,REGISTRATIONDATE,ISRELEASED) values ('0107','ideguchi','0022','2016-12-06','RELEASED');
Insert into IDETSU.TEST (TESTID,CREATEUSER,THEMEPERIODID,REGISTRATIONDATE,ISRELEASED) values ('0108','ideguchi','0022','2016-12-07','RELEASED');
Insert into IDETSU.TEST (TESTID,CREATEUSER,THEMEPERIODID,REGISTRATIONDATE,ISRELEASED) values ('0109','ideguchi','0022','2016-12-08','RELEASED');
Insert into IDETSU.TEST (TESTID,CREATEUSER,THEMEPERIODID,REGISTRATIONDATE,ISRELEASED) values ('0110','ideguchi','0022','2016-12-09','RELEASED');
Insert into IDETSU.TEST (TESTID,CREATEUSER,THEMEPERIODID,REGISTRATIONDATE,ISRELEASED) values ('0111','ideguchi','0023','2016-12-12','RELEASED');
Insert into IDETSU.TEST (TESTID,CREATEUSER,THEMEPERIODID,REGISTRATIONDATE,ISRELEASED) values ('0112','ideguchi','0023','2016-12-13','RELEASED');
Insert into IDETSU.TEST (TESTID,CREATEUSER,THEMEPERIODID,REGISTRATIONDATE,ISRELEASED) values ('0113','ideguchi','0023','2016-12-14','RELEASED');
Insert into IDETSU.TEST (TESTID,CREATEUSER,THEMEPERIODID,REGISTRATIONDATE,ISRELEASED) values ('0114','ideguchi','0023','2016-12-15','RELEASED');
Insert into IDETSU.TEST (TESTID,CREATEUSER,THEMEPERIODID,REGISTRATIONDATE,ISRELEASED) values ('0115','ideguchi','0023','2016-12-16','RELEASED');
Insert into IDETSU.TEST (TESTID,CREATEUSER,THEMEPERIODID,REGISTRATIONDATE,ISRELEASED) values ('0116','ideguchi','0024','2016-12-19','RELEASED');
Insert into IDETSU.TEST (TESTID,CREATEUSER,THEMEPERIODID,REGISTRATIONDATE,ISRELEASED) values ('0117','ideguchi','0024','2016-12-20','RELEASED');
Insert into IDETSU.TEST (TESTID,CREATEUSER,THEMEPERIODID,REGISTRATIONDATE,ISRELEASED) values ('0118','ideguchi','0024','2016-12-21','RELEASED');
Insert into IDETSU.TEST (TESTID,CREATEUSER,THEMEPERIODID,REGISTRATIONDATE,ISRELEASED) values ('0119','ideguchi','0024','2016-12-22','RELEASED');
Insert into IDETSU.TEST (TESTID,CREATEUSER,THEMEPERIODID,REGISTRATIONDATE,ISRELEASED) values ('0120','ideguchi','0024','2016-12-23','RELEASED');
Insert into IDETSU.TEST (TESTID,CREATEUSER,THEMEPERIODID,REGISTRATIONDATE,ISRELEASED) values ('0011','a','0003','2016-07-25','RELEASED');
Insert into IDETSU.TEST (TESTID,CREATEUSER,THEMEPERIODID,REGISTRATIONDATE,ISRELEASED) values ('0002','a','0001','2016-07-12','RELEASED');
Insert into IDETSU.TEST (TESTID,CREATEUSER,THEMEPERIODID,REGISTRATIONDATE,ISRELEASED) values ('0012','a','0003','2016-07-26','RELEASED');
Insert into IDETSU.TEST (TESTID,CREATEUSER,THEMEPERIODID,REGISTRATIONDATE,ISRELEASED) values ('0013','a','0003','2016-07-27','RELEASED');
Insert into IDETSU.TEST (TESTID,CREATEUSER,THEMEPERIODID,REGISTRATIONDATE,ISRELEASED) values ('0014','ideguchi','0003','2016-07-28','RELEASED');
Insert into IDETSU.TEST (TESTID,CREATEUSER,THEMEPERIODID,REGISTRATIONDATE,ISRELEASED) values ('0015','nakatsu','0003','2016-07-29','RELEASED');
Insert into IDETSU.TEST (TESTID,CREATEUSER,THEMEPERIODID,REGISTRATIONDATE,ISRELEASED) values ('0016','a','0004','2016-08-01','RELEASED');
Insert into IDETSU.TEST (TESTID,CREATEUSER,THEMEPERIODID,REGISTRATIONDATE,ISRELEASED) values ('0017','a','0004','2016-08-02','RELEASED');
Insert into IDETSU.TEST (TESTID,CREATEUSER,THEMEPERIODID,REGISTRATIONDATE,ISRELEASED) values ('0018','a','0004','2016-08-03','RELEASED');
Insert into IDETSU.TEST (TESTID,CREATEUSER,THEMEPERIODID,REGISTRATIONDATE,ISRELEASED) values ('0019','ideguchi','0004','2016-08-04','RELEASED');
Insert into IDETSU.TEST (TESTID,CREATEUSER,THEMEPERIODID,REGISTRATIONDATE,ISRELEASED) values ('0020','nakatsu','0004','2016-08-05','RELEASED');
Insert into IDETSU.TEST (TESTID,CREATEUSER,THEMEPERIODID,REGISTRATIONDATE,ISRELEASED) values ('00000000000000000032','00001','0002','2016-07-20','RELEASED');
REM INSERTING into IDETSU.THEME
SET DEFINE OFF;
Insert into IDETSU.THEME (THEMEID,TEXT,THEMEPERIODID) values ('0001','フリー','0001');
Insert into IDETSU.THEME (THEMEID,TEXT,THEMEPERIODID) values ('0002','JavaScript','0001');
Insert into IDETSU.THEME (THEMEID,TEXT,THEMEPERIODID) values ('0003','HTML','0001');
Insert into IDETSU.THEME (THEMEID,TEXT,THEMEPERIODID) values ('0013','あ','0005');
Insert into IDETSU.THEME (THEMEID,TEXT,THEMEPERIODID) values ('0014','あ','0005');
Insert into IDETSU.THEME (THEMEID,TEXT,THEMEPERIODID) values ('0015','あ','0005');
Insert into IDETSU.THEME (THEMEID,TEXT,THEMEPERIODID) values ('0016','あ','0006');
Insert into IDETSU.THEME (THEMEID,TEXT,THEMEPERIODID) values ('0017','あ','0006');
Insert into IDETSU.THEME (THEMEID,TEXT,THEMEPERIODID) values ('0018','あ','0006');
Insert into IDETSU.THEME (THEMEID,TEXT,THEMEPERIODID) values ('0019','あ','0007');
Insert into IDETSU.THEME (THEMEID,TEXT,THEMEPERIODID) values ('0020','あ','0007');
Insert into IDETSU.THEME (THEMEID,TEXT,THEMEPERIODID) values ('0021','あ','0007');
Insert into IDETSU.THEME (THEMEID,TEXT,THEMEPERIODID) values ('0022','あ','0008');
Insert into IDETSU.THEME (THEMEID,TEXT,THEMEPERIODID) values ('0023','あ','0008');
Insert into IDETSU.THEME (THEMEID,TEXT,THEMEPERIODID) values ('0024','あ','0008');
Insert into IDETSU.THEME (THEMEID,TEXT,THEMEPERIODID) values ('0025','あ','0009');
Insert into IDETSU.THEME (THEMEID,TEXT,THEMEPERIODID) values ('0026','あ','0009');
Insert into IDETSU.THEME (THEMEID,TEXT,THEMEPERIODID) values ('0027','あ','0009');
Insert into IDETSU.THEME (THEMEID,TEXT,THEMEPERIODID) values ('0028','あ','0010');
Insert into IDETSU.THEME (THEMEID,TEXT,THEMEPERIODID) values ('0029','あ','0010');
Insert into IDETSU.THEME (THEMEID,TEXT,THEMEPERIODID) values ('0030','あ','0010');
Insert into IDETSU.THEME (THEMEID,TEXT,THEMEPERIODID) values ('0031','あ','0011');
Insert into IDETSU.THEME (THEMEID,TEXT,THEMEPERIODID) values ('0032','あ','0011');
Insert into IDETSU.THEME (THEMEID,TEXT,THEMEPERIODID) values ('0033','あ','0011');
Insert into IDETSU.THEME (THEMEID,TEXT,THEMEPERIODID) values ('0034','あ','0012');
Insert into IDETSU.THEME (THEMEID,TEXT,THEMEPERIODID) values ('0035','あ','0012');
Insert into IDETSU.THEME (THEMEID,TEXT,THEMEPERIODID) values ('0036','あ','0012');
Insert into IDETSU.THEME (THEMEID,TEXT,THEMEPERIODID) values ('0037','あ','0013');
Insert into IDETSU.THEME (THEMEID,TEXT,THEMEPERIODID) values ('0038','あ','0013');
Insert into IDETSU.THEME (THEMEID,TEXT,THEMEPERIODID) values ('0039','あ','0013');
Insert into IDETSU.THEME (THEMEID,TEXT,THEMEPERIODID) values ('0040','あ','0014');
Insert into IDETSU.THEME (THEMEID,TEXT,THEMEPERIODID) values ('0041','あ','0014');
Insert into IDETSU.THEME (THEMEID,TEXT,THEMEPERIODID) values ('0042','あ','0014');
Insert into IDETSU.THEME (THEMEID,TEXT,THEMEPERIODID) values ('0043','あ','0015');
Insert into IDETSU.THEME (THEMEID,TEXT,THEMEPERIODID) values ('0044','あ','0015');
Insert into IDETSU.THEME (THEMEID,TEXT,THEMEPERIODID) values ('0045','あ','0015');
Insert into IDETSU.THEME (THEMEID,TEXT,THEMEPERIODID) values ('0046','あ','0016');
Insert into IDETSU.THEME (THEMEID,TEXT,THEMEPERIODID) values ('0047','あ','0016');
Insert into IDETSU.THEME (THEMEID,TEXT,THEMEPERIODID) values ('0048','あ','0016');
Insert into IDETSU.THEME (THEMEID,TEXT,THEMEPERIODID) values ('0049','あ','0017');
Insert into IDETSU.THEME (THEMEID,TEXT,THEMEPERIODID) values ('0050','あ','0017');
Insert into IDETSU.THEME (THEMEID,TEXT,THEMEPERIODID) values ('0051','あ','0017');
Insert into IDETSU.THEME (THEMEID,TEXT,THEMEPERIODID) values ('0052','あ','0018');
Insert into IDETSU.THEME (THEMEID,TEXT,THEMEPERIODID) values ('0053','あ','0018');
Insert into IDETSU.THEME (THEMEID,TEXT,THEMEPERIODID) values ('0054','あ','0018');
Insert into IDETSU.THEME (THEMEID,TEXT,THEMEPERIODID) values ('0055','あ','0019');
Insert into IDETSU.THEME (THEMEID,TEXT,THEMEPERIODID) values ('0056','あ','0019');
Insert into IDETSU.THEME (THEMEID,TEXT,THEMEPERIODID) values ('0057','あ','0019');
Insert into IDETSU.THEME (THEMEID,TEXT,THEMEPERIODID) values ('0058','あ','0020');
Insert into IDETSU.THEME (THEMEID,TEXT,THEMEPERIODID) values ('0059','あ','0020');
Insert into IDETSU.THEME (THEMEID,TEXT,THEMEPERIODID) values ('0060','あ','0020');
Insert into IDETSU.THEME (THEMEID,TEXT,THEMEPERIODID) values ('0061','あ','0021');
Insert into IDETSU.THEME (THEMEID,TEXT,THEMEPERIODID) values ('0062','あ','0021');
Insert into IDETSU.THEME (THEMEID,TEXT,THEMEPERIODID) values ('0063','あ','0021');
Insert into IDETSU.THEME (THEMEID,TEXT,THEMEPERIODID) values ('0064','あ','0022');
Insert into IDETSU.THEME (THEMEID,TEXT,THEMEPERIODID) values ('0065','あ','0022');
Insert into IDETSU.THEME (THEMEID,TEXT,THEMEPERIODID) values ('0066','あ','0022');
Insert into IDETSU.THEME (THEMEID,TEXT,THEMEPERIODID) values ('0067','あ','0023');
Insert into IDETSU.THEME (THEMEID,TEXT,THEMEPERIODID) values ('0068','あ','0023');
Insert into IDETSU.THEME (THEMEID,TEXT,THEMEPERIODID) values ('0069','あ','0023');
Insert into IDETSU.THEME (THEMEID,TEXT,THEMEPERIODID) values ('0070','あ','0024');
Insert into IDETSU.THEME (THEMEID,TEXT,THEMEPERIODID) values ('0071','あ','0024');
Insert into IDETSU.THEME (THEMEID,TEXT,THEMEPERIODID) values ('0072','あ','0024');
Insert into IDETSU.THEME (THEMEID,TEXT,THEMEPERIODID) values ('0004','Enum','0002');
Insert into IDETSU.THEME (THEMEID,TEXT,THEMEPERIODID) values ('0005','Stateパターン','0002');
Insert into IDETSU.THEME (THEMEID,TEXT,THEMEPERIODID) values ('0006','例外処理','0002');
Insert into IDETSU.THEME (THEMEID,TEXT,THEMEPERIODID) values ('0007','CSS','0003');
Insert into IDETSU.THEME (THEMEID,TEXT,THEMEPERIODID) values ('0008','開発プロセス','0003');
Insert into IDETSU.THEME (THEMEID,TEXT,THEMEPERIODID) values ('0009','ブラックボックステスト','0003');
Insert into IDETSU.THEME (THEMEID,TEXT,THEMEPERIODID) values ('0010','ホワイトボックス','0004');
Insert into IDETSU.THEME (THEMEID,TEXT,THEMEPERIODID) values ('0011','SQL','0004');
Insert into IDETSU.THEME (THEMEID,TEXT,THEMEPERIODID) values ('0012','Bean','0004');
REM INSERTING into IDETSU.THEMEPERIOD
SET DEFINE OFF;
Insert into IDETSU.THEMEPERIOD (THEMEPERIODID,STARTDATE,ENDDATE,CREATEUSERID) values ('0001','2016-07-11','2016-07-15','00001');
Insert into IDETSU.THEMEPERIOD (THEMEPERIODID,STARTDATE,ENDDATE,CREATEUSERID) values ('0002','2016-07-18','2016-07-22','00001');
Insert into IDETSU.THEMEPERIOD (THEMEPERIODID,STARTDATE,ENDDATE,CREATEUSERID) values ('0003','2016-07-25','2016-07-29','00001');
Insert into IDETSU.THEMEPERIOD (THEMEPERIODID,STARTDATE,ENDDATE,CREATEUSERID) values ('0005','2016-08-08','2016-08-12','00001');
Insert into IDETSU.THEMEPERIOD (THEMEPERIODID,STARTDATE,ENDDATE,CREATEUSERID) values ('0006','2016-08-15','2016-08-19','00001');
Insert into IDETSU.THEMEPERIOD (THEMEPERIODID,STARTDATE,ENDDATE,CREATEUSERID) values ('0007','2016-08-22','2016-08-26','00001');
Insert into IDETSU.THEMEPERIOD (THEMEPERIODID,STARTDATE,ENDDATE,CREATEUSERID) values ('0008','2016-08-29','2016-09-02','00001');
Insert into IDETSU.THEMEPERIOD (THEMEPERIODID,STARTDATE,ENDDATE,CREATEUSERID) values ('0009','2016-09-05','2016-09-09','00001');
Insert into IDETSU.THEMEPERIOD (THEMEPERIODID,STARTDATE,ENDDATE,CREATEUSERID) values ('0010','2016-09-12','2016-09-16','00001');
Insert into IDETSU.THEMEPERIOD (THEMEPERIODID,STARTDATE,ENDDATE,CREATEUSERID) values ('0011','2016-09-19','2016-09-23','00001');
Insert into IDETSU.THEMEPERIOD (THEMEPERIODID,STARTDATE,ENDDATE,CREATEUSERID) values ('0012','2016-09-26','2016-09-30','00001');
Insert into IDETSU.THEMEPERIOD (THEMEPERIODID,STARTDATE,ENDDATE,CREATEUSERID) values ('0013','2016-10-03','2016-10-07','00001');
Insert into IDETSU.THEMEPERIOD (THEMEPERIODID,STARTDATE,ENDDATE,CREATEUSERID) values ('0014','2016-10-10','2016-10-14','00001');
Insert into IDETSU.THEMEPERIOD (THEMEPERIODID,STARTDATE,ENDDATE,CREATEUSERID) values ('0015','2016-10-17','2016-10-21','00001');
Insert into IDETSU.THEMEPERIOD (THEMEPERIODID,STARTDATE,ENDDATE,CREATEUSERID) values ('0016','2016-10-24','2016-10-28','00001');
Insert into IDETSU.THEMEPERIOD (THEMEPERIODID,STARTDATE,ENDDATE,CREATEUSERID) values ('0017','2016-10-31','2016-11-04','00001');
Insert into IDETSU.THEMEPERIOD (THEMEPERIODID,STARTDATE,ENDDATE,CREATEUSERID) values ('0018','2016-11-07','2016-11-11','00001');
Insert into IDETSU.THEMEPERIOD (THEMEPERIODID,STARTDATE,ENDDATE,CREATEUSERID) values ('0019','2016-11-14','2016-11-18','00001');
Insert into IDETSU.THEMEPERIOD (THEMEPERIODID,STARTDATE,ENDDATE,CREATEUSERID) values ('0020','2016-11-21','2016-11-25','00001');
Insert into IDETSU.THEMEPERIOD (THEMEPERIODID,STARTDATE,ENDDATE,CREATEUSERID) values ('0021','2016-11-28','2016-12-02','00001');
Insert into IDETSU.THEMEPERIOD (THEMEPERIODID,STARTDATE,ENDDATE,CREATEUSERID) values ('0022','2016-12-05','2016-12-09','00001');
Insert into IDETSU.THEMEPERIOD (THEMEPERIODID,STARTDATE,ENDDATE,CREATEUSERID) values ('0023','2016-12-12','2016-12-16','00001');
Insert into IDETSU.THEMEPERIOD (THEMEPERIODID,STARTDATE,ENDDATE,CREATEUSERID) values ('0024','2016-12-19','2016-12-23','00001');
Insert into IDETSU.THEMEPERIOD (THEMEPERIODID,STARTDATE,ENDDATE,CREATEUSERID) values ('0004','2016-08-01','2016-08-05','00001');
REM INSERTING into IDETSU.USERS
SET DEFINE OFF;
Insert into IDETSU.USERS (USERID,USERNAME,PASSWORD,AVERAGESCORE,LOGINNAME,LOGINROLE,TESTCOUNT) values ('00001','a','a',2,'a','NORMAL',2);
Insert into IDETSU.USERS (USERID,USERNAME,PASSWORD,AVERAGESCORE,LOGINNAME,LOGINROLE,TESTCOUNT) values ('hayashi','林','a',0,'b','MANAGER',0);
Insert into IDETSU.USERS (USERID,USERNAME,PASSWORD,AVERAGESCORE,LOGINNAME,LOGINROLE,TESTCOUNT) values ('nakatsu','中津','a',0,'c','NORMAL',0);
Insert into IDETSU.USERS (USERID,USERNAME,PASSWORD,AVERAGESCORE,LOGINNAME,LOGINROLE,TESTCOUNT) values ('ideguchi','出口','a',0,'d','NORMAL',0);
Insert into IDETSU.USERS (USERID,USERNAME,PASSWORD,AVERAGESCORE,LOGINNAME,LOGINROLE,TESTCOUNT) values ('b','test','b',0,'test','NORMAL',0);
Insert into IDETSU.USERS (USERID,USERNAME,PASSWORD,AVERAGESCORE,LOGINNAME,LOGINROLE,TESTCOUNT) values ('c','au','c',0,'au','NORMAL',0);
Insert into IDETSU.USERS (USERID,USERNAME,PASSWORD,AVERAGESCORE,LOGINNAME,LOGINROLE,TESTCOUNT) values ('d','test2','d',0,'test2','NORMAL',0);
--------------------------------------------------------
--  DDL for Index CHOICE_PK
--------------------------------------------------------

  CREATE UNIQUE INDEX "IDETSU"."CHOICE_PK" ON "IDETSU"."CHOICE" ("CHOICEID")
  PCTFREE 10 INITRANS 2 MAXTRANS 255 COMPUTE STATISTICS
  STORAGE(INITIAL 65536 NEXT 1048576 MINEXTENTS 1 MAXEXTENTS 2147483645
  PCTINCREASE 0 FREELISTS 1 FREELIST GROUPS 1 BUFFER_POOL DEFAULT FLASH_CACHE DEFAULT CELL_FLASH_CACHE DEFAULT)
  TABLESPACE "MY_DATA" ;
--------------------------------------------------------
--  DDL for Index QUESTION_PK
--------------------------------------------------------

  CREATE UNIQUE INDEX "IDETSU"."QUESTION_PK" ON "IDETSU"."QUESTION" ("QUESTIONID")
  PCTFREE 10 INITRANS 2 MAXTRANS 255 COMPUTE STATISTICS
  STORAGE(INITIAL 65536 NEXT 1048576 MINEXTENTS 1 MAXEXTENTS 2147483645
  PCTINCREASE 0 FREELISTS 1 FREELIST GROUPS 1 BUFFER_POOL DEFAULT FLASH_CACHE DEFAULT CELL_FLASH_CACHE DEFAULT)
  TABLESPACE "MY_DATA" ;
--------------------------------------------------------
--  DDL for Index RESULT_PK
--------------------------------------------------------

  CREATE UNIQUE INDEX "IDETSU"."RESULT_PK" ON "IDETSU"."RESULT" ("RESULTID")
  PCTFREE 10 INITRANS 2 MAXTRANS 255 COMPUTE STATISTICS
  STORAGE(INITIAL 65536 NEXT 1048576 MINEXTENTS 1 MAXEXTENTS 2147483645
  PCTINCREASE 0 FREELISTS 1 FREELIST GROUPS 1 BUFFER_POOL DEFAULT FLASH_CACHE DEFAULT CELL_FLASH_CACHE DEFAULT)
  TABLESPACE "MY_DATA" ;
--------------------------------------------------------
--  DDL for Index CHOICERESULT_PK
--------------------------------------------------------

  CREATE UNIQUE INDEX "IDETSU"."CHOICERESULT_PK" ON "IDETSU"."RESULTITEM" ("RESULTITEMID")
  PCTFREE 10 INITRANS 2 MAXTRANS 255 COMPUTE STATISTICS
  STORAGE(INITIAL 65536 NEXT 1048576 MINEXTENTS 1 MAXEXTENTS 2147483645
  PCTINCREASE 0 FREELISTS 1 FREELIST GROUPS 1 BUFFER_POOL DEFAULT FLASH_CACHE DEFAULT CELL_FLASH_CACHE DEFAULT)
  TABLESPACE "MY_DATA" ;
--------------------------------------------------------
--  DDL for Index TEST_PK
--------------------------------------------------------

  CREATE UNIQUE INDEX "IDETSU"."TEST_PK" ON "IDETSU"."TEST" ("TESTID")
  PCTFREE 10 INITRANS 2 MAXTRANS 255 COMPUTE STATISTICS
  STORAGE(INITIAL 65536 NEXT 1048576 MINEXTENTS 1 MAXEXTENTS 2147483645
  PCTINCREASE 0 FREELISTS 1 FREELIST GROUPS 1 BUFFER_POOL DEFAULT FLASH_CACHE DEFAULT CELL_FLASH_CACHE DEFAULT)
  TABLESPACE "MY_DATA" ;
--------------------------------------------------------
--  DDL for Index THEME_PK
--------------------------------------------------------

  CREATE UNIQUE INDEX "IDETSU"."THEME_PK" ON "IDETSU"."THEME" ("THEMEID")
  PCTFREE 10 INITRANS 2 MAXTRANS 255 COMPUTE STATISTICS
  STORAGE(INITIAL 65536 NEXT 1048576 MINEXTENTS 1 MAXEXTENTS 2147483645
  PCTINCREASE 0 FREELISTS 1 FREELIST GROUPS 1 BUFFER_POOL DEFAULT FLASH_CACHE DEFAULT CELL_FLASH_CACHE DEFAULT)
  TABLESPACE "MY_DATA" ;
--------------------------------------------------------
--  DDL for Index THEMEPERIOD_PK
--------------------------------------------------------

  CREATE UNIQUE INDEX "IDETSU"."THEMEPERIOD_PK" ON "IDETSU"."THEMEPERIOD" ("THEMEPERIODID")
  PCTFREE 10 INITRANS 2 MAXTRANS 255 COMPUTE STATISTICS
  STORAGE(INITIAL 65536 NEXT 1048576 MINEXTENTS 1 MAXEXTENTS 2147483645
  PCTINCREASE 0 FREELISTS 1 FREELIST GROUPS 1 BUFFER_POOL DEFAULT FLASH_CACHE DEFAULT CELL_FLASH_CACHE DEFAULT)
  TABLESPACE "MY_DATA" ;
--------------------------------------------------------
--  DDL for Index USERS_PK
--------------------------------------------------------

  CREATE UNIQUE INDEX "IDETSU"."USERS_PK" ON "IDETSU"."USERS" ("USERID")
  PCTFREE 10 INITRANS 2 MAXTRANS 255 COMPUTE STATISTICS
  STORAGE(INITIAL 65536 NEXT 1048576 MINEXTENTS 1 MAXEXTENTS 2147483645
  PCTINCREASE 0 FREELISTS 1 FREELIST GROUPS 1 BUFFER_POOL DEFAULT FLASH_CACHE DEFAULT CELL_FLASH_CACHE DEFAULT)
  TABLESPACE "MY_DATA" ;
--------------------------------------------------------
--  DDL for Index USERS_UK1
--------------------------------------------------------

  CREATE UNIQUE INDEX "IDETSU"."USERS_UK1" ON "IDETSU"."USERS" ("LOGINNAME")
  PCTFREE 10 INITRANS 2 MAXTRANS 255 COMPUTE STATISTICS
  STORAGE(INITIAL 65536 NEXT 1048576 MINEXTENTS 1 MAXEXTENTS 2147483645
  PCTINCREASE 0 FREELISTS 1 FREELIST GROUPS 1 BUFFER_POOL DEFAULT FLASH_CACHE DEFAULT CELL_FLASH_CACHE DEFAULT)
  TABLESPACE "MY_DATA" ;
--------------------------------------------------------
--  DDL for Index USERS_INDEX1
--------------------------------------------------------

  CREATE INDEX "IDETSU"."USERS_INDEX1" ON "IDETSU"."USERS" ("LOGINNAME", "PASSWORD")
  PCTFREE 10 INITRANS 2 MAXTRANS 255 COMPUTE STATISTICS
  STORAGE(INITIAL 65536 NEXT 1048576 MINEXTENTS 1 MAXEXTENTS 2147483645
  PCTINCREASE 0 FREELISTS 1 FREELIST GROUPS 1 BUFFER_POOL DEFAULT FLASH_CACHE DEFAULT CELL_FLASH_CACHE DEFAULT)
  TABLESPACE "MY_DATA" ;
--------------------------------------------------------
--  Constraints for Table CHOICE
--------------------------------------------------------

  ALTER TABLE "IDETSU"."CHOICE" ADD CONSTRAINT "CHOICE_PK" PRIMARY KEY ("CHOICEID")
  USING INDEX PCTFREE 10 INITRANS 2 MAXTRANS 255 COMPUTE STATISTICS
  STORAGE(INITIAL 65536 NEXT 1048576 MINEXTENTS 1 MAXEXTENTS 2147483645
  PCTINCREASE 0 FREELISTS 1 FREELIST GROUPS 1 BUFFER_POOL DEFAULT FLASH_CACHE DEFAULT CELL_FLASH_CACHE DEFAULT)
  TABLESPACE "MY_DATA"  ENABLE;
  ALTER TABLE "IDETSU"."CHOICE" MODIFY ("CHOICEID" NOT NULL ENABLE);
--------------------------------------------------------
--  Constraints for Table QUESTION
--------------------------------------------------------

  ALTER TABLE "IDETSU"."QUESTION" ADD CONSTRAINT "QUESTION_PK" PRIMARY KEY ("QUESTIONID")
  USING INDEX PCTFREE 10 INITRANS 2 MAXTRANS 255 COMPUTE STATISTICS
  STORAGE(INITIAL 65536 NEXT 1048576 MINEXTENTS 1 MAXEXTENTS 2147483645
  PCTINCREASE 0 FREELISTS 1 FREELIST GROUPS 1 BUFFER_POOL DEFAULT FLASH_CACHE DEFAULT CELL_FLASH_CACHE DEFAULT)
  TABLESPACE "MY_DATA"  ENABLE;
  ALTER TABLE "IDETSU"."QUESTION" MODIFY ("QUESTIONID" NOT NULL ENABLE);
--------------------------------------------------------
--  Constraints for Table RESULT
--------------------------------------------------------

  ALTER TABLE "IDETSU"."RESULT" ADD CONSTRAINT "RESULT_PK" PRIMARY KEY ("RESULTID")
  USING INDEX PCTFREE 10 INITRANS 2 MAXTRANS 255 COMPUTE STATISTICS
  STORAGE(INITIAL 65536 NEXT 1048576 MINEXTENTS 1 MAXEXTENTS 2147483645
  PCTINCREASE 0 FREELISTS 1 FREELIST GROUPS 1 BUFFER_POOL DEFAULT FLASH_CACHE DEFAULT CELL_FLASH_CACHE DEFAULT)
  TABLESPACE "MY_DATA"  ENABLE;
  ALTER TABLE "IDETSU"."RESULT" MODIFY ("USERID" NOT NULL ENABLE);
  ALTER TABLE "IDETSU"."RESULT" MODIFY ("RESULTID" NOT NULL ENABLE);
--------------------------------------------------------
--  Constraints for Table RESULTITEM
--------------------------------------------------------

  ALTER TABLE "IDETSU"."RESULTITEM" ADD CONSTRAINT "CHOICERESULT_PK" PRIMARY KEY ("RESULTITEMID")
  USING INDEX PCTFREE 10 INITRANS 2 MAXTRANS 255 COMPUTE STATISTICS
  STORAGE(INITIAL 65536 NEXT 1048576 MINEXTENTS 1 MAXEXTENTS 2147483645
  PCTINCREASE 0 FREELISTS 1 FREELIST GROUPS 1 BUFFER_POOL DEFAULT FLASH_CACHE DEFAULT CELL_FLASH_CACHE DEFAULT)
  TABLESPACE "MY_DATA"  ENABLE;
  ALTER TABLE "IDETSU"."RESULTITEM" MODIFY ("RESULTITEMID" NOT NULL ENABLE);
--------------------------------------------------------
--  Constraints for Table TEST
--------------------------------------------------------

  ALTER TABLE "IDETSU"."TEST" ADD CONSTRAINT "TEST_PK" PRIMARY KEY ("TESTID")
  USING INDEX PCTFREE 10 INITRANS 2 MAXTRANS 255 COMPUTE STATISTICS
  STORAGE(INITIAL 65536 NEXT 1048576 MINEXTENTS 1 MAXEXTENTS 2147483645
  PCTINCREASE 0 FREELISTS 1 FREELIST GROUPS 1 BUFFER_POOL DEFAULT FLASH_CACHE DEFAULT CELL_FLASH_CACHE DEFAULT)
  TABLESPACE "MY_DATA"  ENABLE;
  ALTER TABLE "IDETSU"."TEST" MODIFY ("TESTID" NOT NULL ENABLE);
--------------------------------------------------------
--  Constraints for Table THEME
--------------------------------------------------------

  ALTER TABLE "IDETSU"."THEME" ADD CONSTRAINT "THEME_PK" PRIMARY KEY ("THEMEID")
  USING INDEX PCTFREE 10 INITRANS 2 MAXTRANS 255 COMPUTE STATISTICS
  STORAGE(INITIAL 65536 NEXT 1048576 MINEXTENTS 1 MAXEXTENTS 2147483645
  PCTINCREASE 0 FREELISTS 1 FREELIST GROUPS 1 BUFFER_POOL DEFAULT FLASH_CACHE DEFAULT CELL_FLASH_CACHE DEFAULT)
  TABLESPACE "MY_DATA"  ENABLE;
  ALTER TABLE "IDETSU"."THEME" MODIFY ("THEMEID" NOT NULL ENABLE);
--------------------------------------------------------
--  Constraints for Table THEMEPERIOD
--------------------------------------------------------

  ALTER TABLE "IDETSU"."THEMEPERIOD" ADD CONSTRAINT "THEMEPERIOD_PK" PRIMARY KEY ("THEMEPERIODID")
  USING INDEX PCTFREE 10 INITRANS 2 MAXTRANS 255 COMPUTE STATISTICS
  STORAGE(INITIAL 65536 NEXT 1048576 MINEXTENTS 1 MAXEXTENTS 2147483645
  PCTINCREASE 0 FREELISTS 1 FREELIST GROUPS 1 BUFFER_POOL DEFAULT FLASH_CACHE DEFAULT CELL_FLASH_CACHE DEFAULT)
  TABLESPACE "MY_DATA"  ENABLE;
  ALTER TABLE "IDETSU"."THEMEPERIOD" MODIFY ("THEMEPERIODID" NOT NULL ENABLE);
--------------------------------------------------------
--  Constraints for Table USERS
--------------------------------------------------------

  ALTER TABLE "IDETSU"."USERS" MODIFY ("LOGINROLE" NOT NULL ENABLE);
  ALTER TABLE "IDETSU"."USERS" MODIFY ("LOGINNAME" NOT NULL ENABLE);
  ALTER TABLE "IDETSU"."USERS" MODIFY ("PASSWORD" NOT NULL ENABLE);
  ALTER TABLE "IDETSU"."USERS" MODIFY ("USERNAME" NOT NULL ENABLE);
  ALTER TABLE "IDETSU"."USERS" ADD CONSTRAINT "USERS_UK1" UNIQUE ("LOGINNAME")
  USING INDEX PCTFREE 10 INITRANS 2 MAXTRANS 255 COMPUTE STATISTICS
  STORAGE(INITIAL 65536 NEXT 1048576 MINEXTENTS 1 MAXEXTENTS 2147483645
  PCTINCREASE 0 FREELISTS 1 FREELIST GROUPS 1 BUFFER_POOL DEFAULT FLASH_CACHE DEFAULT CELL_FLASH_CACHE DEFAULT)
  TABLESPACE "MY_DATA"  ENABLE;
  ALTER TABLE "IDETSU"."USERS" ADD CONSTRAINT "USERS_PK" PRIMARY KEY ("USERID")
  USING INDEX PCTFREE 10 INITRANS 2 MAXTRANS 255 COMPUTE STATISTICS
  STORAGE(INITIAL 65536 NEXT 1048576 MINEXTENTS 1 MAXEXTENTS 2147483645
  PCTINCREASE 0 FREELISTS 1 FREELIST GROUPS 1 BUFFER_POOL DEFAULT FLASH_CACHE DEFAULT CELL_FLASH_CACHE DEFAULT)
  TABLESPACE "MY_DATA"  ENABLE;
  ALTER TABLE "IDETSU"."USERS" MODIFY ("USERID" NOT NULL ENABLE);
--------------------------------------------------------
--  Ref Constraints for Table CHOICE
--------------------------------------------------------

  ALTER TABLE "IDETSU"."CHOICE" ADD CONSTRAINT "CHOICE_FK1" FOREIGN KEY ("QUESTIONID")
	  REFERENCES "IDETSU"."QUESTION" ("QUESTIONID") ENABLE;
--------------------------------------------------------
--  Ref Constraints for Table RESULTITEM
--------------------------------------------------------

  ALTER TABLE "IDETSU"."RESULTITEM" ADD CONSTRAINT "QUECTIONID_FK1" FOREIGN KEY ("QUESTIONID")
	  REFERENCES "IDETSU"."QUESTION" ("QUESTIONID") ENABLE;
  ALTER TABLE "IDETSU"."RESULTITEM" ADD CONSTRAINT "RESULT_FK1" FOREIGN KEY ("RESULTID")
	  REFERENCES "IDETSU"."RESULT" ("RESULTID") ENABLE;
--------------------------------------------------------
--  Ref Constraints for Table THEME
--------------------------------------------------------

  ALTER TABLE "IDETSU"."THEME" ADD CONSTRAINT "THEME_FK1" FOREIGN KEY ("THEMEPERIODID")
	  REFERENCES "IDETSU"."THEMEPERIOD" ("THEMEPERIODID") ENABLE;


--------------------------------------------------------
--  DDL for Sequence CHOICEID_SEQ
--------------------------------------------------------

   CREATE SEQUENCE  "IDETSU"."CHOICEID_SEQ"  MINVALUE 0 MAXVALUE 9999999999999999999999999999 INCREMENT BY 1 START WITH 200 CACHE 20 NOORDER  NOCYCLE ;
--------------------------------------------------------
--  DDL for Sequence CHOICERESULTID_SEQ
--------------------------------------------------------

   CREATE SEQUENCE  "IDETSU"."CHOICERESULTID_SEQ"  MINVALUE 0 MAXVALUE 9999999999999999999999999999 INCREMENT BY 1 START WITH 0 CACHE 20 NOORDER  NOCYCLE ;
--------------------------------------------------------
--  DDL for Sequence CREATEUSERID_SEQ
--------------------------------------------------------

   CREATE SEQUENCE  "IDETSU"."CREATEUSERID_SEQ"  MINVALUE 0 MAXVALUE 9999999999999999999999999999 INCREMENT BY 1 START WITH 0 CACHE 20 NOORDER  NOCYCLE ;
--------------------------------------------------------
--  DDL for Sequence QUESTIONID_SEQ
--------------------------------------------------------

   CREATE SEQUENCE  "IDETSU"."QUESTIONID_SEQ"  MINVALUE 0 MAXVALUE 9999999999999999999999999999 INCREMENT BY 1 START WITH 200 CACHE 20 NOORDER  NOCYCLE ;
--------------------------------------------------------
--  DDL for Sequence RESULTID_SEQ
--------------------------------------------------------

   CREATE SEQUENCE  "IDETSU"."RESULTID_SEQ"  MINVALUE 0 MAXVALUE 9999999999999999999999999999 INCREMENT BY 1 START WITH 0 CACHE 20 NOORDER  NOCYCLE ;
--------------------------------------------------------
--  DDL for Sequence TESTID_SEQ
--------------------------------------------------------

   CREATE SEQUENCE  "IDETSU"."TESTID_SEQ"  MINVALUE 0 MAXVALUE 9999999999999999999999999999 INCREMENT BY 1 START WITH 40 CACHE 20 NOORDER  NOCYCLE ;
--------------------------------------------------------
--  DDL for Sequence THEMEID_SEQ
--------------------------------------------------------

   CREATE SEQUENCE  "IDETSU"."THEMEID_SEQ"  MINVALUE 0 MAXVALUE 9999999999999999999999999999 INCREMENT BY 1 START WITH 0 CACHE 20 NOORDER  NOCYCLE ;
--------------------------------------------------------
--  DDL for Sequence THEMEPERIODID_SEQ
--------------------------------------------------------

   CREATE SEQUENCE  "IDETSU"."THEMEPERIODID_SEQ"  MINVALUE 0 MAXVALUE 9999999999999999999999999999 INCREMENT BY 1 START WITH 0 CACHE 20 NOORDER  NOCYCLE ;
--------------------------------------------------------
--  DDL for Sequence USERID_SEQ
--------------------------------------------------------

   CREATE SEQUENCE  "IDETSU"."USERID_SEQ"  MINVALUE 0 MAXVALUE 9999999999999999999999999999 INCREMENT BY 1 START WITH 7 CACHE 20 NOORDER  NOCYCLE ;
